samples	bed_files	junc_files
PMGRC-709-710-1	/project2/mstephens/cfbuenabadn/gtex-stm/code/gregor_data/sberger/splicing_data/bedgraph/PMGRC-709-710-1.bed.gz	/project2/mstephens/cfbuenabadn/gtex-stm/code/gregor_data/sberger/splicing_data/junction/PMGRC-709-710-1.junc
PMGRC-197-195-2-2A	/project2/mstephens/cfbuenabadn/gtex-stm/code/gregor_data/sberger/splicing_data/bedgraph/PMGRC-197-195-2-2A.bed.gz	/project2/mstephens/cfbuenabadn/gtex-stm/code/gregor_data/sberger/splicing_data/junction/PMGRC-197-195-2-2A.junc
PMGRC-132-131-2-1C	/project2/mstephens/cfbuenabadn/gtex-stm/code/gregor_data/sberger/splicing_data/bedgraph/PMGRC-132-131-2-1C.bed.gz	/project2/mstephens/cfbuenabadn/gtex-stm/code/gregor_data/sberger/splicing_data/junction/PMGRC-132-131-2-1C.junc
PMGRC-519-517-1-2A	/project2/mstephens/cfbuenabadn/gtex-stm/code/gregor_data/sberger/splicing_data/bedgraph/PMGRC-519-517-1-2A.bed.gz	/project2/mstephens/cfbuenabadn/gtex-stm/code/gregor_data/sberger/splicing_data/junction/PMGRC-519-517-1-2A.junc
PMGRC-848-848-0	/project2/mstephens/cfbuenabadn/gtex-stm/code/gregor_data/sberger/splicing_data/bedgraph/PMGRC-848-848-0.bed.gz	/project2/mstephens/cfbuenabadn/gtex-stm/code/gregor_data/sberger/splicing_data/junction/PMGRC-848-848-0.junc
PMGRC-486-485-2-2A	/project2/mstephens/cfbuenabadn/gtex-stm/code/gregor_data/sberger/splicing_data/bedgraph/PMGRC-486-485-2-2A.bed.gz	/project2/mstephens/cfbuenabadn/gtex-stm/code/gregor_data/sberger/splicing_data/junction/PMGRC-486-485-2-2A.junc
PMGRC-31-32-2-1C	/project2/mstephens/cfbuenabadn/gtex-stm/code/gregor_data/sberger/splicing_data/bedgraph/PMGRC-31-32-2-1C.bed.gz	/project2/mstephens/cfbuenabadn/gtex-stm/code/gregor_data/sberger/splicing_data/junction/PMGRC-31-32-2-1C.junc
PMGRC-290-289-1-1B	/project2/mstephens/cfbuenabadn/gtex-stm/code/gregor_data/sberger/splicing_data/bedgraph/PMGRC-290-289-1-1B.bed.gz	/project2/mstephens/cfbuenabadn/gtex-stm/code/gregor_data/sberger/splicing_data/junction/PMGRC-290-289-1-1B.junc
PMGRC-300-299-2-1D	/project2/mstephens/cfbuenabadn/gtex-stm/code/gregor_data/sberger/splicing_data/bedgraph/PMGRC-300-299-2-1D.bed.gz	/project2/mstephens/cfbuenabadn/gtex-stm/code/gregor_data/sberger/splicing_data/junction/PMGRC-300-299-2-1D.junc
PMGRC-512-512-0	/project2/mstephens/cfbuenabadn/gtex-stm/code/gregor_data/sberger/splicing_data/bedgraph/PMGRC-512-512-0.bed.gz	/project2/mstephens/cfbuenabadn/gtex-stm/code/gregor_data/sberger/splicing_data/junction/PMGRC-512-512-0.junc
PMGRC-768-770-1	/project2/mstephens/cfbuenabadn/gtex-stm/code/gregor_data/sberger/splicing_data/bedgraph/PMGRC-768-770-1.bed.gz	/project2/mstephens/cfbuenabadn/gtex-stm/code/gregor_data/sberger/splicing_data/junction/PMGRC-768-770-1.junc
PMGRC-612-611-2	/project2/mstephens/cfbuenabadn/gtex-stm/code/gregor_data/sberger/splicing_data/bedgraph/PMGRC-612-611-2.bed.gz	/project2/mstephens/cfbuenabadn/gtex-stm/code/gregor_data/sberger/splicing_data/junction/PMGRC-612-611-2.junc
PMGRC-353-351-2-2A	/project2/mstephens/cfbuenabadn/gtex-stm/code/gregor_data/sberger/splicing_data/bedgraph/PMGRC-353-351-2-2A.bed.gz	/project2/mstephens/cfbuenabadn/gtex-stm/code/gregor_data/sberger/splicing_data/junction/PMGRC-353-351-2-2A.junc
PMGRC-574-575-3	/project2/mstephens/cfbuenabadn/gtex-stm/code/gregor_data/sberger/splicing_data/bedgraph/PMGRC-574-575-3.bed.gz	/project2/mstephens/cfbuenabadn/gtex-stm/code/gregor_data/sberger/splicing_data/junction/PMGRC-574-575-3.junc
PMGRC-371-369-1	/project2/mstephens/cfbuenabadn/gtex-stm/code/gregor_data/sberger/splicing_data/bedgraph/PMGRC-371-369-1.bed.gz	/project2/mstephens/cfbuenabadn/gtex-stm/code/gregor_data/sberger/splicing_data/junction/PMGRC-371-369-1.junc
PMGRC-234-234-0-1C	/project2/mstephens/cfbuenabadn/gtex-stm/code/gregor_data/sberger/splicing_data/bedgraph/PMGRC-234-234-0-1C.bed.gz	/project2/mstephens/cfbuenabadn/gtex-stm/code/gregor_data/sberger/splicing_data/junction/PMGRC-234-234-0-1C.junc
PMGRC-581-580-2	/project2/mstephens/cfbuenabadn/gtex-stm/code/gregor_data/sberger/splicing_data/bedgraph/PMGRC-581-580-2.bed.gz	/project2/mstephens/cfbuenabadn/gtex-stm/code/gregor_data/sberger/splicing_data/junction/PMGRC-581-580-2.junc
PMGRC-772-772-0	/project2/mstephens/cfbuenabadn/gtex-stm/code/gregor_data/sberger/splicing_data/bedgraph/PMGRC-772-772-0.bed.gz	/project2/mstephens/cfbuenabadn/gtex-stm/code/gregor_data/sberger/splicing_data/junction/PMGRC-772-772-0.junc
PMGRC-601-599-1	/project2/mstephens/cfbuenabadn/gtex-stm/code/gregor_data/sberger/splicing_data/bedgraph/PMGRC-601-599-1.bed.gz	/project2/mstephens/cfbuenabadn/gtex-stm/code/gregor_data/sberger/splicing_data/junction/PMGRC-601-599-1.junc
PMGRC-668-668-0	/project2/mstephens/cfbuenabadn/gtex-stm/code/gregor_data/sberger/splicing_data/bedgraph/PMGRC-668-668-0.bed.gz	/project2/mstephens/cfbuenabadn/gtex-stm/code/gregor_data/sberger/splicing_data/junction/PMGRC-668-668-0.junc
PMGRC-584-583-2	/project2/mstephens/cfbuenabadn/gtex-stm/code/gregor_data/sberger/splicing_data/bedgraph/PMGRC-584-583-2.bed.gz	/project2/mstephens/cfbuenabadn/gtex-stm/code/gregor_data/sberger/splicing_data/junction/PMGRC-584-583-2.junc
PMGRC-578-578-0	/project2/mstephens/cfbuenabadn/gtex-stm/code/gregor_data/sberger/splicing_data/bedgraph/PMGRC-578-578-0.bed.gz	/project2/mstephens/cfbuenabadn/gtex-stm/code/gregor_data/sberger/splicing_data/junction/PMGRC-578-578-0.junc
PMGRC-337-320-1	/project2/mstephens/cfbuenabadn/gtex-stm/code/gregor_data/sberger/splicing_data/bedgraph/PMGRC-337-320-1.bed.gz	/project2/mstephens/cfbuenabadn/gtex-stm/code/gregor_data/sberger/splicing_data/junction/PMGRC-337-320-1.junc
PMGRC-403-403-0	/project2/mstephens/cfbuenabadn/gtex-stm/code/gregor_data/sberger/splicing_data/bedgraph/PMGRC-403-403-0.bed.gz	/project2/mstephens/cfbuenabadn/gtex-stm/code/gregor_data/sberger/splicing_data/junction/PMGRC-403-403-0.junc
PMGRC-528-525-1	/project2/mstephens/cfbuenabadn/gtex-stm/code/gregor_data/sberger/splicing_data/bedgraph/PMGRC-528-525-1.bed.gz	/project2/mstephens/cfbuenabadn/gtex-stm/code/gregor_data/sberger/splicing_data/junction/PMGRC-528-525-1.junc
PMGRC-63-60-2-2A	/project2/mstephens/cfbuenabadn/gtex-stm/code/gregor_data/sberger/splicing_data/bedgraph/PMGRC-63-60-2-2A.bed.gz	/project2/mstephens/cfbuenabadn/gtex-stm/code/gregor_data/sberger/splicing_data/junction/PMGRC-63-60-2-2A.junc
PMGRC-205-205-0-1A	/project2/mstephens/cfbuenabadn/gtex-stm/code/gregor_data/sberger/splicing_data/bedgraph/PMGRC-205-205-0-1A.bed.gz	/project2/mstephens/cfbuenabadn/gtex-stm/code/gregor_data/sberger/splicing_data/junction/PMGRC-205-205-0-1A.junc
PMGRC-149-148-2-1A	/project2/mstephens/cfbuenabadn/gtex-stm/code/gregor_data/sberger/splicing_data/bedgraph/PMGRC-149-148-2-1A.bed.gz	/project2/mstephens/cfbuenabadn/gtex-stm/code/gregor_data/sberger/splicing_data/junction/PMGRC-149-148-2-1A.junc
PMGRC-60-60-0-2A	/project2/mstephens/cfbuenabadn/gtex-stm/code/gregor_data/sberger/splicing_data/bedgraph/PMGRC-60-60-0-2A.bed.gz	/project2/mstephens/cfbuenabadn/gtex-stm/code/gregor_data/sberger/splicing_data/junction/PMGRC-60-60-0-2A.junc
PMGRC-854-854-0	/project2/mstephens/cfbuenabadn/gtex-stm/code/gregor_data/sberger/splicing_data/bedgraph/PMGRC-854-854-0.bed.gz	/project2/mstephens/cfbuenabadn/gtex-stm/code/gregor_data/sberger/splicing_data/junction/PMGRC-854-854-0.junc
PMGRC-495-494-3	/project2/mstephens/cfbuenabadn/gtex-stm/code/gregor_data/sberger/splicing_data/bedgraph/PMGRC-495-494-3.bed.gz	/project2/mstephens/cfbuenabadn/gtex-stm/code/gregor_data/sberger/splicing_data/junction/PMGRC-495-494-3.junc
PMGRC-241-32-1-1C	/project2/mstephens/cfbuenabadn/gtex-stm/code/gregor_data/sberger/splicing_data/bedgraph/PMGRC-241-32-1-1C.bed.gz	/project2/mstephens/cfbuenabadn/gtex-stm/code/gregor_data/sberger/splicing_data/junction/PMGRC-241-32-1-1C.junc
PMGRC-57-53-2-1D	/project2/mstephens/cfbuenabadn/gtex-stm/code/gregor_data/sberger/splicing_data/bedgraph/PMGRC-57-53-2-1D.bed.gz	/project2/mstephens/cfbuenabadn/gtex-stm/code/gregor_data/sberger/splicing_data/junction/PMGRC-57-53-2-1D.junc
PMGRC-517-517-0-2A	/project2/mstephens/cfbuenabadn/gtex-stm/code/gregor_data/sberger/splicing_data/bedgraph/PMGRC-517-517-0-2A.bed.gz	/project2/mstephens/cfbuenabadn/gtex-stm/code/gregor_data/sberger/splicing_data/junction/PMGRC-517-517-0-2A.junc
PMGRC-196-195-3-2A	/project2/mstephens/cfbuenabadn/gtex-stm/code/gregor_data/sberger/splicing_data/bedgraph/PMGRC-196-195-3-2A.bed.gz	/project2/mstephens/cfbuenabadn/gtex-stm/code/gregor_data/sberger/splicing_data/junction/PMGRC-196-195-3-2A.junc
PMGRC-497-497-0-2A	/project2/mstephens/cfbuenabadn/gtex-stm/code/gregor_data/sberger/splicing_data/bedgraph/PMGRC-497-497-0-2A.bed.gz	/project2/mstephens/cfbuenabadn/gtex-stm/code/gregor_data/sberger/splicing_data/junction/PMGRC-497-497-0-2A.junc
PMGRC-759-760-2	/project2/mstephens/cfbuenabadn/gtex-stm/code/gregor_data/sberger/splicing_data/bedgraph/PMGRC-759-760-2.bed.gz	/project2/mstephens/cfbuenabadn/gtex-stm/code/gregor_data/sberger/splicing_data/junction/PMGRC-759-760-2.junc
PMGRC-537-534-1	/project2/mstephens/cfbuenabadn/gtex-stm/code/gregor_data/sberger/splicing_data/bedgraph/PMGRC-537-534-1.bed.gz	/project2/mstephens/cfbuenabadn/gtex-stm/code/gregor_data/sberger/splicing_data/junction/PMGRC-537-534-1.junc
PMGRC-123-122-1-1B	/project2/mstephens/cfbuenabadn/gtex-stm/code/gregor_data/sberger/splicing_data/bedgraph/PMGRC-123-122-1-1B.bed.gz	/project2/mstephens/cfbuenabadn/gtex-stm/code/gregor_data/sberger/splicing_data/junction/PMGRC-123-122-1-1B.junc
PMGRC-653-653-0	/project2/mstephens/cfbuenabadn/gtex-stm/code/gregor_data/sberger/splicing_data/bedgraph/PMGRC-653-653-0.bed.gz	/project2/mstephens/cfbuenabadn/gtex-stm/code/gregor_data/sberger/splicing_data/junction/PMGRC-653-653-0.junc
PMGRC-64-60-1-2A	/project2/mstephens/cfbuenabadn/gtex-stm/code/gregor_data/sberger/splicing_data/bedgraph/PMGRC-64-60-1-2A.bed.gz	/project2/mstephens/cfbuenabadn/gtex-stm/code/gregor_data/sberger/splicing_data/junction/PMGRC-64-60-1-2A.junc
PMGRC-533-534-2	/project2/mstephens/cfbuenabadn/gtex-stm/code/gregor_data/sberger/splicing_data/bedgraph/PMGRC-533-534-2.bed.gz	/project2/mstephens/cfbuenabadn/gtex-stm/code/gregor_data/sberger/splicing_data/junction/PMGRC-533-534-2.junc
PMGRC-240-240-0-1B	/project2/mstephens/cfbuenabadn/gtex-stm/code/gregor_data/sberger/splicing_data/bedgraph/PMGRC-240-240-0-1B.bed.gz	/project2/mstephens/cfbuenabadn/gtex-stm/code/gregor_data/sberger/splicing_data/junction/PMGRC-240-240-0-1B.junc
PMGRC-308-310-2	/project2/mstephens/cfbuenabadn/gtex-stm/code/gregor_data/sberger/splicing_data/bedgraph/PMGRC-308-310-2.bed.gz	/project2/mstephens/cfbuenabadn/gtex-stm/code/gregor_data/sberger/splicing_data/junction/PMGRC-308-310-2.junc
PMGRC-535-534-3	/project2/mstephens/cfbuenabadn/gtex-stm/code/gregor_data/sberger/splicing_data/bedgraph/PMGRC-535-534-3.bed.gz	/project2/mstephens/cfbuenabadn/gtex-stm/code/gregor_data/sberger/splicing_data/junction/PMGRC-535-534-3.junc
PMGRC-159-158-2	/project2/mstephens/cfbuenabadn/gtex-stm/code/gregor_data/sberger/splicing_data/bedgraph/PMGRC-159-158-2.bed.gz	/project2/mstephens/cfbuenabadn/gtex-stm/code/gregor_data/sberger/splicing_data/junction/PMGRC-159-158-2.junc
PMGRC-485-485-0-2A	/project2/mstephens/cfbuenabadn/gtex-stm/code/gregor_data/sberger/splicing_data/bedgraph/PMGRC-485-485-0-2A.bed.gz	/project2/mstephens/cfbuenabadn/gtex-stm/code/gregor_data/sberger/splicing_data/junction/PMGRC-485-485-0-2A.junc
PMGRC-239-239-0-1B	/project2/mstephens/cfbuenabadn/gtex-stm/code/gregor_data/sberger/splicing_data/bedgraph/PMGRC-239-239-0-1B.bed.gz	/project2/mstephens/cfbuenabadn/gtex-stm/code/gregor_data/sberger/splicing_data/junction/PMGRC-239-239-0-1B.junc
PMGRC-165-164-2-1A	/project2/mstephens/cfbuenabadn/gtex-stm/code/gregor_data/sberger/splicing_data/bedgraph/PMGRC-165-164-2-1A.bed.gz	/project2/mstephens/cfbuenabadn/gtex-stm/code/gregor_data/sberger/splicing_data/junction/PMGRC-165-164-2-1A.junc
PMGRC-627-626-2	/project2/mstephens/cfbuenabadn/gtex-stm/code/gregor_data/sberger/splicing_data/bedgraph/PMGRC-627-626-2.bed.gz	/project2/mstephens/cfbuenabadn/gtex-stm/code/gregor_data/sberger/splicing_data/junction/PMGRC-627-626-2.junc
PMGRC-250-251-3	/project2/mstephens/cfbuenabadn/gtex-stm/code/gregor_data/sberger/splicing_data/bedgraph/PMGRC-250-251-3.bed.gz	/project2/mstephens/cfbuenabadn/gtex-stm/code/gregor_data/sberger/splicing_data/junction/PMGRC-250-251-3.junc
PMGRC-204-204-0	/project2/mstephens/cfbuenabadn/gtex-stm/code/gregor_data/sberger/splicing_data/bedgraph/PMGRC-204-204-0.bed.gz	/project2/mstephens/cfbuenabadn/gtex-stm/code/gregor_data/sberger/splicing_data/junction/PMGRC-204-204-0.junc
PMGRC-753-753-0	/project2/mstephens/cfbuenabadn/gtex-stm/code/gregor_data/sberger/splicing_data/bedgraph/PMGRC-753-753-0.bed.gz	/project2/mstephens/cfbuenabadn/gtex-stm/code/gregor_data/sberger/splicing_data/junction/PMGRC-753-753-0.junc
PMGRC-615-615-0	/project2/mstephens/cfbuenabadn/gtex-stm/code/gregor_data/sberger/splicing_data/bedgraph/PMGRC-615-615-0.bed.gz	/project2/mstephens/cfbuenabadn/gtex-stm/code/gregor_data/sberger/splicing_data/junction/PMGRC-615-615-0.junc
PMGRC-150-148-1-1A	/project2/mstephens/cfbuenabadn/gtex-stm/code/gregor_data/sberger/splicing_data/bedgraph/PMGRC-150-148-1-1A.bed.gz	/project2/mstephens/cfbuenabadn/gtex-stm/code/gregor_data/sberger/splicing_data/junction/PMGRC-150-148-1-1A.junc
PMGRC-248-248-0-1B	/project2/mstephens/cfbuenabadn/gtex-stm/code/gregor_data/sberger/splicing_data/bedgraph/PMGRC-248-248-0-1B.bed.gz	/project2/mstephens/cfbuenabadn/gtex-stm/code/gregor_data/sberger/splicing_data/junction/PMGRC-248-248-0-1B.junc
PMGRC-602-602-0	/project2/mstephens/cfbuenabadn/gtex-stm/code/gregor_data/sberger/splicing_data/bedgraph/PMGRC-602-602-0.bed.gz	/project2/mstephens/cfbuenabadn/gtex-stm/code/gregor_data/sberger/splicing_data/junction/PMGRC-602-602-0.junc
PMGRC-809-808-1	/project2/mstephens/cfbuenabadn/gtex-stm/code/gregor_data/sberger/splicing_data/bedgraph/PMGRC-809-808-1.bed.gz	/project2/mstephens/cfbuenabadn/gtex-stm/code/gregor_data/sberger/splicing_data/junction/PMGRC-809-808-1.junc
PMGRC-847-848-2	/project2/mstephens/cfbuenabadn/gtex-stm/code/gregor_data/sberger/splicing_data/bedgraph/PMGRC-847-848-2.bed.gz	/project2/mstephens/cfbuenabadn/gtex-stm/code/gregor_data/sberger/splicing_data/junction/PMGRC-847-848-2.junc
PMGRC-484-482-1	/project2/mstephens/cfbuenabadn/gtex-stm/code/gregor_data/sberger/splicing_data/bedgraph/PMGRC-484-482-1.bed.gz	/project2/mstephens/cfbuenabadn/gtex-stm/code/gregor_data/sberger/splicing_data/junction/PMGRC-484-482-1.junc
PMGRC-647-181-3-2A	/project2/mstephens/cfbuenabadn/gtex-stm/code/gregor_data/sberger/splicing_data/bedgraph/PMGRC-647-181-3-2A.bed.gz	/project2/mstephens/cfbuenabadn/gtex-stm/code/gregor_data/sberger/splicing_data/junction/PMGRC-647-181-3-2A.junc
PMGRC-146-146-0-1C	/project2/mstephens/cfbuenabadn/gtex-stm/code/gregor_data/sberger/splicing_data/bedgraph/PMGRC-146-146-0-1C.bed.gz	/project2/mstephens/cfbuenabadn/gtex-stm/code/gregor_data/sberger/splicing_data/junction/PMGRC-146-146-0-1C.junc
PMGRC-115-114-1-1C	/project2/mstephens/cfbuenabadn/gtex-stm/code/gregor_data/sberger/splicing_data/bedgraph/PMGRC-115-114-1-1C.bed.gz	/project2/mstephens/cfbuenabadn/gtex-stm/code/gregor_data/sberger/splicing_data/junction/PMGRC-115-114-1-1C.junc
PMGRC-46-46-0-1C	/project2/mstephens/cfbuenabadn/gtex-stm/code/gregor_data/sberger/splicing_data/bedgraph/PMGRC-46-46-0-1C.bed.gz	/project2/mstephens/cfbuenabadn/gtex-stm/code/gregor_data/sberger/splicing_data/junction/PMGRC-46-46-0-1C.junc
PMGRC-251-251-0	/project2/mstephens/cfbuenabadn/gtex-stm/code/gregor_data/sberger/splicing_data/bedgraph/PMGRC-251-251-0.bed.gz	/project2/mstephens/cfbuenabadn/gtex-stm/code/gregor_data/sberger/splicing_data/junction/PMGRC-251-251-0.junc
PMGRC-49-48-2-1B	/project2/mstephens/cfbuenabadn/gtex-stm/code/gregor_data/sberger/splicing_data/bedgraph/PMGRC-49-48-2-1B.bed.gz	/project2/mstephens/cfbuenabadn/gtex-stm/code/gregor_data/sberger/splicing_data/junction/PMGRC-49-48-2-1B.junc
PMGRC-113-114-2-1C	/project2/mstephens/cfbuenabadn/gtex-stm/code/gregor_data/sberger/splicing_data/bedgraph/PMGRC-113-114-2-1C.bed.gz	/project2/mstephens/cfbuenabadn/gtex-stm/code/gregor_data/sberger/splicing_data/junction/PMGRC-113-114-2-1C.junc
PMGRC-44-43-2-1C	/project2/mstephens/cfbuenabadn/gtex-stm/code/gregor_data/sberger/splicing_data/bedgraph/PMGRC-44-43-2-1C.bed.gz	/project2/mstephens/cfbuenabadn/gtex-stm/code/gregor_data/sberger/splicing_data/junction/PMGRC-44-43-2-1C.junc
PMGRC-534-534-0	/project2/mstephens/cfbuenabadn/gtex-stm/code/gregor_data/sberger/splicing_data/bedgraph/PMGRC-534-534-0.bed.gz	/project2/mstephens/cfbuenabadn/gtex-stm/code/gregor_data/sberger/splicing_data/junction/PMGRC-534-534-0.junc
PMGRC-128-116-1-1C	/project2/mstephens/cfbuenabadn/gtex-stm/code/gregor_data/sberger/splicing_data/bedgraph/PMGRC-128-116-1-1C.bed.gz	/project2/mstephens/cfbuenabadn/gtex-stm/code/gregor_data/sberger/splicing_data/junction/PMGRC-128-116-1-1C.junc
PMGRC-194-194-0-1B	/project2/mstephens/cfbuenabadn/gtex-stm/code/gregor_data/sberger/splicing_data/bedgraph/PMGRC-194-194-0-1B.bed.gz	/project2/mstephens/cfbuenabadn/gtex-stm/code/gregor_data/sberger/splicing_data/junction/PMGRC-194-194-0-1B.junc
PMGRC-286-284-2-1B	/project2/mstephens/cfbuenabadn/gtex-stm/code/gregor_data/sberger/splicing_data/bedgraph/PMGRC-286-284-2-1B.bed.gz	/project2/mstephens/cfbuenabadn/gtex-stm/code/gregor_data/sberger/splicing_data/junction/PMGRC-286-284-2-1B.junc
PMGRC-648-181-3-2A	/project2/mstephens/cfbuenabadn/gtex-stm/code/gregor_data/sberger/splicing_data/bedgraph/PMGRC-648-181-3-2A.bed.gz	/project2/mstephens/cfbuenabadn/gtex-stm/code/gregor_data/sberger/splicing_data/junction/PMGRC-648-181-3-2A.junc
PMGRC-478-478-0	/project2/mstephens/cfbuenabadn/gtex-stm/code/gregor_data/sberger/splicing_data/bedgraph/PMGRC-478-478-0.bed.gz	/project2/mstephens/cfbuenabadn/gtex-stm/code/gregor_data/sberger/splicing_data/junction/PMGRC-478-478-0.junc
PMGRC-6-5-1-1C	/project2/mstephens/cfbuenabadn/gtex-stm/code/gregor_data/sberger/splicing_data/bedgraph/PMGRC-6-5-1-1C.bed.gz	/project2/mstephens/cfbuenabadn/gtex-stm/code/gregor_data/sberger/splicing_data/junction/PMGRC-6-5-1-1C.junc
PMGRC-392-392-0	/project2/mstephens/cfbuenabadn/gtex-stm/code/gregor_data/sberger/splicing_data/bedgraph/PMGRC-392-392-0.bed.gz	/project2/mstephens/cfbuenabadn/gtex-stm/code/gregor_data/sberger/splicing_data/junction/PMGRC-392-392-0.junc
PMGRC-572-572-0	/project2/mstephens/cfbuenabadn/gtex-stm/code/gregor_data/sberger/splicing_data/bedgraph/PMGRC-572-572-0.bed.gz	/project2/mstephens/cfbuenabadn/gtex-stm/code/gregor_data/sberger/splicing_data/junction/PMGRC-572-572-0.junc
PMGRC-773-773-0	/project2/mstephens/cfbuenabadn/gtex-stm/code/gregor_data/sberger/splicing_data/bedgraph/PMGRC-773-773-0.bed.gz	/project2/mstephens/cfbuenabadn/gtex-stm/code/gregor_data/sberger/splicing_data/junction/PMGRC-773-773-0.junc
PMGRC-760-760-0	/project2/mstephens/cfbuenabadn/gtex-stm/code/gregor_data/sberger/splicing_data/bedgraph/PMGRC-760-760-0.bed.gz	/project2/mstephens/cfbuenabadn/gtex-stm/code/gregor_data/sberger/splicing_data/junction/PMGRC-760-760-0.junc
PMGRC-226-226-0-2A	/project2/mstephens/cfbuenabadn/gtex-stm/code/gregor_data/sberger/splicing_data/bedgraph/PMGRC-226-226-0-2A.bed.gz	/project2/mstephens/cfbuenabadn/gtex-stm/code/gregor_data/sberger/splicing_data/junction/PMGRC-226-226-0-2A.junc
PMGRC-543-543-0	/project2/mstephens/cfbuenabadn/gtex-stm/code/gregor_data/sberger/splicing_data/bedgraph/PMGRC-543-543-0.bed.gz	/project2/mstephens/cfbuenabadn/gtex-stm/code/gregor_data/sberger/splicing_data/junction/PMGRC-543-543-0.junc
PMGRC-330-332-2	/project2/mstephens/cfbuenabadn/gtex-stm/code/gregor_data/sberger/splicing_data/bedgraph/PMGRC-330-332-2.bed.gz	/project2/mstephens/cfbuenabadn/gtex-stm/code/gregor_data/sberger/splicing_data/junction/PMGRC-330-332-2.junc
PMGRC-868-867-2	/project2/mstephens/cfbuenabadn/gtex-stm/code/gregor_data/sberger/splicing_data/bedgraph/PMGRC-868-867-2.bed.gz	/project2/mstephens/cfbuenabadn/gtex-stm/code/gregor_data/sberger/splicing_data/junction/PMGRC-868-867-2.junc
PMGRC-61-60-3-2A	/project2/mstephens/cfbuenabadn/gtex-stm/code/gregor_data/sberger/splicing_data/bedgraph/PMGRC-61-60-3-2A.bed.gz	/project2/mstephens/cfbuenabadn/gtex-stm/code/gregor_data/sberger/splicing_data/junction/PMGRC-61-60-3-2A.junc
PMGRC-828-827-3	/project2/mstephens/cfbuenabadn/gtex-stm/code/gregor_data/sberger/splicing_data/bedgraph/PMGRC-828-827-3.bed.gz	/project2/mstephens/cfbuenabadn/gtex-stm/code/gregor_data/sberger/splicing_data/junction/PMGRC-828-827-3.junc
PMGRC-365-363-1	/project2/mstephens/cfbuenabadn/gtex-stm/code/gregor_data/sberger/splicing_data/bedgraph/PMGRC-365-363-1.bed.gz	/project2/mstephens/cfbuenabadn/gtex-stm/code/gregor_data/sberger/splicing_data/junction/PMGRC-365-363-1.junc
PMGRC-654-653-2	/project2/mstephens/cfbuenabadn/gtex-stm/code/gregor_data/sberger/splicing_data/bedgraph/PMGRC-654-653-2.bed.gz	/project2/mstephens/cfbuenabadn/gtex-stm/code/gregor_data/sberger/splicing_data/junction/PMGRC-654-653-2.junc
PMGRC-386-385-2	/project2/mstephens/cfbuenabadn/gtex-stm/code/gregor_data/sberger/splicing_data/bedgraph/PMGRC-386-385-2.bed.gz	/project2/mstephens/cfbuenabadn/gtex-stm/code/gregor_data/sberger/splicing_data/junction/PMGRC-386-385-2.junc
PMGRC-582-580-1	/project2/mstephens/cfbuenabadn/gtex-stm/code/gregor_data/sberger/splicing_data/bedgraph/PMGRC-582-580-1.bed.gz	/project2/mstephens/cfbuenabadn/gtex-stm/code/gregor_data/sberger/splicing_data/junction/PMGRC-582-580-1.junc
PMGRC-518-517-2-2A	/project2/mstephens/cfbuenabadn/gtex-stm/code/gregor_data/sberger/splicing_data/bedgraph/PMGRC-518-517-2-2A.bed.gz	/project2/mstephens/cfbuenabadn/gtex-stm/code/gregor_data/sberger/splicing_data/junction/PMGRC-518-517-2-2A.junc
PMGRC-4-3-2-1C	/project2/mstephens/cfbuenabadn/gtex-stm/code/gregor_data/sberger/splicing_data/bedgraph/PMGRC-4-3-2-1C.bed.gz	/project2/mstephens/cfbuenabadn/gtex-stm/code/gregor_data/sberger/splicing_data/junction/PMGRC-4-3-2-1C.junc
PMGRC-604-602-1	/project2/mstephens/cfbuenabadn/gtex-stm/code/gregor_data/sberger/splicing_data/bedgraph/PMGRC-604-602-1.bed.gz	/project2/mstephens/cfbuenabadn/gtex-stm/code/gregor_data/sberger/splicing_data/junction/PMGRC-604-602-1.junc
PMGRC-675-675-0	/project2/mstephens/cfbuenabadn/gtex-stm/code/gregor_data/sberger/splicing_data/bedgraph/PMGRC-675-675-0.bed.gz	/project2/mstephens/cfbuenabadn/gtex-stm/code/gregor_data/sberger/splicing_data/junction/PMGRC-675-675-0.junc
PMGRC-195-195-0-2A	/project2/mstephens/cfbuenabadn/gtex-stm/code/gregor_data/sberger/splicing_data/bedgraph/PMGRC-195-195-0-2A.bed.gz	/project2/mstephens/cfbuenabadn/gtex-stm/code/gregor_data/sberger/splicing_data/junction/PMGRC-195-195-0-2A.junc
PMGRC-706-706-0	/project2/mstephens/cfbuenabadn/gtex-stm/code/gregor_data/sberger/splicing_data/bedgraph/PMGRC-706-706-0.bed.gz	/project2/mstephens/cfbuenabadn/gtex-stm/code/gregor_data/sberger/splicing_data/junction/PMGRC-706-706-0.junc
PMGRC-86-86-0-1C	/project2/mstephens/cfbuenabadn/gtex-stm/code/gregor_data/sberger/splicing_data/bedgraph/PMGRC-86-86-0-1C.bed.gz	/project2/mstephens/cfbuenabadn/gtex-stm/code/gregor_data/sberger/splicing_data/junction/PMGRC-86-86-0-1C.junc
PMGRC-62-60-3-2A	/project2/mstephens/cfbuenabadn/gtex-stm/code/gregor_data/sberger/splicing_data/bedgraph/PMGRC-62-60-3-2A.bed.gz	/project2/mstephens/cfbuenabadn/gtex-stm/code/gregor_data/sberger/splicing_data/junction/PMGRC-62-60-3-2A.junc
PMGRC-599-599-0	/project2/mstephens/cfbuenabadn/gtex-stm/code/gregor_data/sberger/splicing_data/bedgraph/PMGRC-599-599-0.bed.gz	/project2/mstephens/cfbuenabadn/gtex-stm/code/gregor_data/sberger/splicing_data/junction/PMGRC-599-599-0.junc
PMGRC-479-478-2	/project2/mstephens/cfbuenabadn/gtex-stm/code/gregor_data/sberger/splicing_data/bedgraph/PMGRC-479-478-2.bed.gz	/project2/mstephens/cfbuenabadn/gtex-stm/code/gregor_data/sberger/splicing_data/junction/PMGRC-479-478-2.junc
PMGRC-867-867-0	/project2/mstephens/cfbuenabadn/gtex-stm/code/gregor_data/sberger/splicing_data/bedgraph/PMGRC-867-867-0.bed.gz	/project2/mstephens/cfbuenabadn/gtex-stm/code/gregor_data/sberger/splicing_data/junction/PMGRC-867-867-0.junc
PMGRC-351-351-0-2A	/project2/mstephens/cfbuenabadn/gtex-stm/code/gregor_data/sberger/splicing_data/bedgraph/PMGRC-351-351-0-2A.bed.gz	/project2/mstephens/cfbuenabadn/gtex-stm/code/gregor_data/sberger/splicing_data/junction/PMGRC-351-351-0-2A.junc
PMGRC-821-821-0	/project2/mstephens/cfbuenabadn/gtex-stm/code/gregor_data/sberger/splicing_data/bedgraph/PMGRC-821-821-0.bed.gz	/project2/mstephens/cfbuenabadn/gtex-stm/code/gregor_data/sberger/splicing_data/junction/PMGRC-821-821-0.junc
PMGRC-656-658-2	/project2/mstephens/cfbuenabadn/gtex-stm/code/gregor_data/sberger/splicing_data/bedgraph/PMGRC-656-658-2.bed.gz	/project2/mstephens/cfbuenabadn/gtex-stm/code/gregor_data/sberger/splicing_data/junction/PMGRC-656-658-2.junc
PMGRC-37-39-2-1D	/project2/mstephens/cfbuenabadn/gtex-stm/code/gregor_data/sberger/splicing_data/bedgraph/PMGRC-37-39-2-1D.bed.gz	/project2/mstephens/cfbuenabadn/gtex-stm/code/gregor_data/sberger/splicing_data/junction/PMGRC-37-39-2-1D.junc
PMGRC-109-108-2-2A	/project2/mstephens/cfbuenabadn/gtex-stm/code/gregor_data/sberger/splicing_data/bedgraph/PMGRC-109-108-2-2A.bed.gz	/project2/mstephens/cfbuenabadn/gtex-stm/code/gregor_data/sberger/splicing_data/junction/PMGRC-109-108-2-2A.junc
PMGRC-117-116-2-1C	/project2/mstephens/cfbuenabadn/gtex-stm/code/gregor_data/sberger/splicing_data/bedgraph/PMGRC-117-116-2-1C.bed.gz	/project2/mstephens/cfbuenabadn/gtex-stm/code/gregor_data/sberger/splicing_data/junction/PMGRC-117-116-2-1C.junc
PMGRC-130-130-0-1A	/project2/mstephens/cfbuenabadn/gtex-stm/code/gregor_data/sberger/splicing_data/bedgraph/PMGRC-130-130-0-1A.bed.gz	/project2/mstephens/cfbuenabadn/gtex-stm/code/gregor_data/sberger/splicing_data/junction/PMGRC-130-130-0-1A.junc
PMGRC-313-316-2	/project2/mstephens/cfbuenabadn/gtex-stm/code/gregor_data/sberger/splicing_data/bedgraph/PMGRC-313-316-2.bed.gz	/project2/mstephens/cfbuenabadn/gtex-stm/code/gregor_data/sberger/splicing_data/junction/PMGRC-313-316-2.junc
PMGRC-383-382-2	/project2/mstephens/cfbuenabadn/gtex-stm/code/gregor_data/sberger/splicing_data/bedgraph/PMGRC-383-382-2.bed.gz	/project2/mstephens/cfbuenabadn/gtex-stm/code/gregor_data/sberger/splicing_data/junction/PMGRC-383-382-2.junc
PMGRC-830-827-1	/project2/mstephens/cfbuenabadn/gtex-stm/code/gregor_data/sberger/splicing_data/bedgraph/PMGRC-830-827-1.bed.gz	/project2/mstephens/cfbuenabadn/gtex-stm/code/gregor_data/sberger/splicing_data/junction/PMGRC-830-827-1.junc
PMGRC-82-82-0-1C	/project2/mstephens/cfbuenabadn/gtex-stm/code/gregor_data/sberger/splicing_data/bedgraph/PMGRC-82-82-0-1C.bed.gz	/project2/mstephens/cfbuenabadn/gtex-stm/code/gregor_data/sberger/splicing_data/junction/PMGRC-82-82-0-1C.junc
PMGRC-237-217-1	/project2/mstephens/cfbuenabadn/gtex-stm/code/gregor_data/sberger/splicing_data/bedgraph/PMGRC-237-217-1.bed.gz	/project2/mstephens/cfbuenabadn/gtex-stm/code/gregor_data/sberger/splicing_data/junction/PMGRC-237-217-1.junc
PMGRC-707-706-2	/project2/mstephens/cfbuenabadn/gtex-stm/code/gregor_data/sberger/splicing_data/bedgraph/PMGRC-707-706-2.bed.gz	/project2/mstephens/cfbuenabadn/gtex-stm/code/gregor_data/sberger/splicing_data/junction/PMGRC-707-706-2.junc
PMGRC-494-494-0	/project2/mstephens/cfbuenabadn/gtex-stm/code/gregor_data/sberger/splicing_data/bedgraph/PMGRC-494-494-0.bed.gz	/project2/mstephens/cfbuenabadn/gtex-stm/code/gregor_data/sberger/splicing_data/junction/PMGRC-494-494-0.junc
PMGRC-718-718-0	/project2/mstephens/cfbuenabadn/gtex-stm/code/gregor_data/sberger/splicing_data/bedgraph/PMGRC-718-718-0.bed.gz	/project2/mstephens/cfbuenabadn/gtex-stm/code/gregor_data/sberger/splicing_data/junction/PMGRC-718-718-0.junc
PMGRC-568-568-0-2A	/project2/mstephens/cfbuenabadn/gtex-stm/code/gregor_data/sberger/splicing_data/bedgraph/PMGRC-568-568-0-2A.bed.gz	/project2/mstephens/cfbuenabadn/gtex-stm/code/gregor_data/sberger/splicing_data/junction/PMGRC-568-568-0-2A.junc
PMGRC-646-645-1	/project2/mstephens/cfbuenabadn/gtex-stm/code/gregor_data/sberger/splicing_data/bedgraph/PMGRC-646-645-1.bed.gz	/project2/mstephens/cfbuenabadn/gtex-stm/code/gregor_data/sberger/splicing_data/junction/PMGRC-646-645-1.junc
PMGRC-573-575-2	/project2/mstephens/cfbuenabadn/gtex-stm/code/gregor_data/sberger/splicing_data/bedgraph/PMGRC-573-575-2.bed.gz	/project2/mstephens/cfbuenabadn/gtex-stm/code/gregor_data/sberger/splicing_data/junction/PMGRC-573-575-2.junc
PMGRC-324-324-0	/project2/mstephens/cfbuenabadn/gtex-stm/code/gregor_data/sberger/splicing_data/bedgraph/PMGRC-324-324-0.bed.gz	/project2/mstephens/cfbuenabadn/gtex-stm/code/gregor_data/sberger/splicing_data/junction/PMGRC-324-324-0.junc
PMGRC-644-645-2	/project2/mstephens/cfbuenabadn/gtex-stm/code/gregor_data/sberger/splicing_data/bedgraph/PMGRC-644-645-2.bed.gz	/project2/mstephens/cfbuenabadn/gtex-stm/code/gregor_data/sberger/splicing_data/junction/PMGRC-644-645-2.junc
PMGRC-559-559-0	/project2/mstephens/cfbuenabadn/gtex-stm/code/gregor_data/sberger/splicing_data/bedgraph/PMGRC-559-559-0.bed.gz	/project2/mstephens/cfbuenabadn/gtex-stm/code/gregor_data/sberger/splicing_data/junction/PMGRC-559-559-0.junc
PMGRC-39-39-0-1D	/project2/mstephens/cfbuenabadn/gtex-stm/code/gregor_data/sberger/splicing_data/bedgraph/PMGRC-39-39-0-1D.bed.gz	/project2/mstephens/cfbuenabadn/gtex-stm/code/gregor_data/sberger/splicing_data/junction/PMGRC-39-39-0-1D.junc
PMGRC-219-181-1-2A	/project2/mstephens/cfbuenabadn/gtex-stm/code/gregor_data/sberger/splicing_data/bedgraph/PMGRC-219-181-1-2A.bed.gz	/project2/mstephens/cfbuenabadn/gtex-stm/code/gregor_data/sberger/splicing_data/junction/PMGRC-219-181-1-2A.junc
PMGRC-560-559-2	/project2/mstephens/cfbuenabadn/gtex-stm/code/gregor_data/sberger/splicing_data/bedgraph/PMGRC-560-559-2.bed.gz	/project2/mstephens/cfbuenabadn/gtex-stm/code/gregor_data/sberger/splicing_data/junction/PMGRC-560-559-2.junc
PMGRC-218-81-2-1B	/project2/mstephens/cfbuenabadn/gtex-stm/code/gregor_data/sberger/splicing_data/bedgraph/PMGRC-218-81-2-1B.bed.gz	/project2/mstephens/cfbuenabadn/gtex-stm/code/gregor_data/sberger/splicing_data/junction/PMGRC-218-81-2-1B.junc
PMGRC-138-104-2	/project2/mstephens/cfbuenabadn/gtex-stm/code/gregor_data/sberger/splicing_data/bedgraph/PMGRC-138-104-2.bed.gz	/project2/mstephens/cfbuenabadn/gtex-stm/code/gregor_data/sberger/splicing_data/junction/PMGRC-138-104-2.junc
PMGRC-472-472-0	/project2/mstephens/cfbuenabadn/gtex-stm/code/gregor_data/sberger/splicing_data/bedgraph/PMGRC-472-472-0.bed.gz	/project2/mstephens/cfbuenabadn/gtex-stm/code/gregor_data/sberger/splicing_data/junction/PMGRC-472-472-0.junc
PMGRC-3-3-0-1C	/project2/mstephens/cfbuenabadn/gtex-stm/code/gregor_data/sberger/splicing_data/bedgraph/PMGRC-3-3-0-1C.bed.gz	/project2/mstephens/cfbuenabadn/gtex-stm/code/gregor_data/sberger/splicing_data/junction/PMGRC-3-3-0-1C.junc
PMGRC-562-562-0	/project2/mstephens/cfbuenabadn/gtex-stm/code/gregor_data/sberger/splicing_data/bedgraph/PMGRC-562-562-0.bed.gz	/project2/mstephens/cfbuenabadn/gtex-stm/code/gregor_data/sberger/splicing_data/junction/PMGRC-562-562-0.junc
PMGRC-664-664-0	/project2/mstephens/cfbuenabadn/gtex-stm/code/gregor_data/sberger/splicing_data/bedgraph/PMGRC-664-664-0.bed.gz	/project2/mstephens/cfbuenabadn/gtex-stm/code/gregor_data/sberger/splicing_data/junction/PMGRC-664-664-0.junc
PMGRC-367-366-2-2A	/project2/mstephens/cfbuenabadn/gtex-stm/code/gregor_data/sberger/splicing_data/bedgraph/PMGRC-367-366-2-2A.bed.gz	/project2/mstephens/cfbuenabadn/gtex-stm/code/gregor_data/sberger/splicing_data/junction/PMGRC-367-366-2-2A.junc
PMGRC-238-217-2	/project2/mstephens/cfbuenabadn/gtex-stm/code/gregor_data/sberger/splicing_data/bedgraph/PMGRC-238-217-2.bed.gz	/project2/mstephens/cfbuenabadn/gtex-stm/code/gregor_data/sberger/splicing_data/junction/PMGRC-238-217-2.junc
PMGRC-790-773-1	/project2/mstephens/cfbuenabadn/gtex-stm/code/gregor_data/sberger/splicing_data/bedgraph/PMGRC-790-773-1.bed.gz	/project2/mstephens/cfbuenabadn/gtex-stm/code/gregor_data/sberger/splicing_data/junction/PMGRC-790-773-1.junc
PMGRC-169-167-1-1A	/project2/mstephens/cfbuenabadn/gtex-stm/code/gregor_data/sberger/splicing_data/bedgraph/PMGRC-169-167-1-1A.bed.gz	/project2/mstephens/cfbuenabadn/gtex-stm/code/gregor_data/sberger/splicing_data/junction/PMGRC-169-167-1-1A.junc
PMGRC-829-827-2	/project2/mstephens/cfbuenabadn/gtex-stm/code/gregor_data/sberger/splicing_data/bedgraph/PMGRC-829-827-2.bed.gz	/project2/mstephens/cfbuenabadn/gtex-stm/code/gregor_data/sberger/splicing_data/junction/PMGRC-829-827-2.junc
PMGRC-85-86-1-1C	/project2/mstephens/cfbuenabadn/gtex-stm/code/gregor_data/sberger/splicing_data/bedgraph/PMGRC-85-86-1-1C.bed.gz	/project2/mstephens/cfbuenabadn/gtex-stm/code/gregor_data/sberger/splicing_data/junction/PMGRC-85-86-1-1C.junc
PMGRC-522-522-0	/project2/mstephens/cfbuenabadn/gtex-stm/code/gregor_data/sberger/splicing_data/bedgraph/PMGRC-522-522-0.bed.gz	/project2/mstephens/cfbuenabadn/gtex-stm/code/gregor_data/sberger/splicing_data/junction/PMGRC-522-522-0.junc
PMGRC-577-578-2	/project2/mstephens/cfbuenabadn/gtex-stm/code/gregor_data/sberger/splicing_data/bedgraph/PMGRC-577-578-2.bed.gz	/project2/mstephens/cfbuenabadn/gtex-stm/code/gregor_data/sberger/splicing_data/junction/PMGRC-577-578-2.junc
PMGRC-148-148-0-1A	/project2/mstephens/cfbuenabadn/gtex-stm/code/gregor_data/sberger/splicing_data/bedgraph/PMGRC-148-148-0-1A.bed.gz	/project2/mstephens/cfbuenabadn/gtex-stm/code/gregor_data/sberger/splicing_data/junction/PMGRC-148-148-0-1A.junc
PMGRC-59-60-3-2A	/project2/mstephens/cfbuenabadn/gtex-stm/code/gregor_data/sberger/splicing_data/bedgraph/PMGRC-59-60-3-2A.bed.gz	/project2/mstephens/cfbuenabadn/gtex-stm/code/gregor_data/sberger/splicing_data/junction/PMGRC-59-60-3-2A.junc
PMGRC-405-403-2	/project2/mstephens/cfbuenabadn/gtex-stm/code/gregor_data/sberger/splicing_data/bedgraph/PMGRC-405-403-2.bed.gz	/project2/mstephens/cfbuenabadn/gtex-stm/code/gregor_data/sberger/splicing_data/junction/PMGRC-405-403-2.junc
PMGRC-168-167-2-1A	/project2/mstephens/cfbuenabadn/gtex-stm/code/gregor_data/sberger/splicing_data/bedgraph/PMGRC-168-167-2-1A.bed.gz	/project2/mstephens/cfbuenabadn/gtex-stm/code/gregor_data/sberger/splicing_data/junction/PMGRC-168-167-2-1A.junc
PMGRC-352-351-1-2A	/project2/mstephens/cfbuenabadn/gtex-stm/code/gregor_data/sberger/splicing_data/bedgraph/PMGRC-352-351-1-2A.bed.gz	/project2/mstephens/cfbuenabadn/gtex-stm/code/gregor_data/sberger/splicing_data/junction/PMGRC-352-351-1-2A.junc
PMGRC-511-509-1-2A	/project2/mstephens/cfbuenabadn/gtex-stm/code/gregor_data/sberger/splicing_data/bedgraph/PMGRC-511-509-1-2A.bed.gz	/project2/mstephens/cfbuenabadn/gtex-stm/code/gregor_data/sberger/splicing_data/junction/PMGRC-511-509-1-2A.junc
PMGRC-343-345-2	/project2/mstephens/cfbuenabadn/gtex-stm/code/gregor_data/sberger/splicing_data/bedgraph/PMGRC-343-345-2.bed.gz	/project2/mstephens/cfbuenabadn/gtex-stm/code/gregor_data/sberger/splicing_data/junction/PMGRC-343-345-2.junc
PMGRC-510-509-2-2A	/project2/mstephens/cfbuenabadn/gtex-stm/code/gregor_data/sberger/splicing_data/bedgraph/PMGRC-510-509-2-2A.bed.gz	/project2/mstephens/cfbuenabadn/gtex-stm/code/gregor_data/sberger/splicing_data/junction/PMGRC-510-509-2-2A.junc
PMGRC-53-53-0-1D	/project2/mstephens/cfbuenabadn/gtex-stm/code/gregor_data/sberger/splicing_data/bedgraph/PMGRC-53-53-0-1D.bed.gz	/project2/mstephens/cfbuenabadn/gtex-stm/code/gregor_data/sberger/splicing_data/junction/PMGRC-53-53-0-1D.junc
PMGRC-249-248-2-1B	/project2/mstephens/cfbuenabadn/gtex-stm/code/gregor_data/sberger/splicing_data/bedgraph/PMGRC-249-248-2-1B.bed.gz	/project2/mstephens/cfbuenabadn/gtex-stm/code/gregor_data/sberger/splicing_data/junction/PMGRC-249-248-2-1B.junc
PMGRC-576-576-0	/project2/mstephens/cfbuenabadn/gtex-stm/code/gregor_data/sberger/splicing_data/bedgraph/PMGRC-576-576-0.bed.gz	/project2/mstephens/cfbuenabadn/gtex-stm/code/gregor_data/sberger/splicing_data/junction/PMGRC-576-576-0.junc
PMGRC-661-661-0	/project2/mstephens/cfbuenabadn/gtex-stm/code/gregor_data/sberger/splicing_data/bedgraph/PMGRC-661-661-0.bed.gz	/project2/mstephens/cfbuenabadn/gtex-stm/code/gregor_data/sberger/splicing_data/junction/PMGRC-661-661-0.junc
PMGRC-315-316-3	/project2/mstephens/cfbuenabadn/gtex-stm/code/gregor_data/sberger/splicing_data/bedgraph/PMGRC-315-316-3.bed.gz	/project2/mstephens/cfbuenabadn/gtex-stm/code/gregor_data/sberger/splicing_data/junction/PMGRC-315-316-3.junc
PMGRC-393-392-2	/project2/mstephens/cfbuenabadn/gtex-stm/code/gregor_data/sberger/splicing_data/bedgraph/PMGRC-393-392-2.bed.gz	/project2/mstephens/cfbuenabadn/gtex-stm/code/gregor_data/sberger/splicing_data/junction/PMGRC-393-392-2.junc
PMGRC-628-626-1	/project2/mstephens/cfbuenabadn/gtex-stm/code/gregor_data/sberger/splicing_data/bedgraph/PMGRC-628-626-1.bed.gz	/project2/mstephens/cfbuenabadn/gtex-stm/code/gregor_data/sberger/splicing_data/junction/PMGRC-628-626-1.junc
PMGRC-84-82-1-1C	/project2/mstephens/cfbuenabadn/gtex-stm/code/gregor_data/sberger/splicing_data/bedgraph/PMGRC-84-82-1-1C.bed.gz	/project2/mstephens/cfbuenabadn/gtex-stm/code/gregor_data/sberger/splicing_data/junction/PMGRC-84-82-1-1C.junc
PMGRC-460-459-2-2A	/project2/mstephens/cfbuenabadn/gtex-stm/code/gregor_data/sberger/splicing_data/bedgraph/PMGRC-460-459-2-2A.bed.gz	/project2/mstephens/cfbuenabadn/gtex-stm/code/gregor_data/sberger/splicing_data/junction/PMGRC-460-459-2-2A.junc
PMGRC-657-658-1	/project2/mstephens/cfbuenabadn/gtex-stm/code/gregor_data/sberger/splicing_data/bedgraph/PMGRC-657-658-1.bed.gz	/project2/mstephens/cfbuenabadn/gtex-stm/code/gregor_data/sberger/splicing_data/junction/PMGRC-657-658-1.junc
PMGRC-600-599-2	/project2/mstephens/cfbuenabadn/gtex-stm/code/gregor_data/sberger/splicing_data/bedgraph/PMGRC-600-599-2.bed.gz	/project2/mstephens/cfbuenabadn/gtex-stm/code/gregor_data/sberger/splicing_data/junction/PMGRC-600-599-2.junc
PMGRC-48-48-0-1B	/project2/mstephens/cfbuenabadn/gtex-stm/code/gregor_data/sberger/splicing_data/bedgraph/PMGRC-48-48-0-1B.bed.gz	/project2/mstephens/cfbuenabadn/gtex-stm/code/gregor_data/sberger/splicing_data/junction/PMGRC-48-48-0-1B.junc
PMGRC-498-497-1-2A	/project2/mstephens/cfbuenabadn/gtex-stm/code/gregor_data/sberger/splicing_data/bedgraph/PMGRC-498-497-1-2A.bed.gz	/project2/mstephens/cfbuenabadn/gtex-stm/code/gregor_data/sberger/splicing_data/junction/PMGRC-498-497-1-2A.junc
PMGRC-285-284-1-1B	/project2/mstephens/cfbuenabadn/gtex-stm/code/gregor_data/sberger/splicing_data/bedgraph/PMGRC-285-284-1-1B.bed.gz	/project2/mstephens/cfbuenabadn/gtex-stm/code/gregor_data/sberger/splicing_data/junction/PMGRC-285-284-1-1B.junc
PMGRC-107-107-0-1D	/project2/mstephens/cfbuenabadn/gtex-stm/code/gregor_data/sberger/splicing_data/bedgraph/PMGRC-107-107-0-1D.bed.gz	/project2/mstephens/cfbuenabadn/gtex-stm/code/gregor_data/sberger/splicing_data/junction/PMGRC-107-107-0-1D.junc
PMGRC-81-81-0-1A	/project2/mstephens/cfbuenabadn/gtex-stm/code/gregor_data/sberger/splicing_data/bedgraph/PMGRC-81-81-0-1A.bed.gz	/project2/mstephens/cfbuenabadn/gtex-stm/code/gregor_data/sberger/splicing_data/junction/PMGRC-81-81-0-1A.junc
PMGRC-834-821-2	/project2/mstephens/cfbuenabadn/gtex-stm/code/gregor_data/sberger/splicing_data/bedgraph/PMGRC-834-821-2.bed.gz	/project2/mstephens/cfbuenabadn/gtex-stm/code/gregor_data/sberger/splicing_data/junction/PMGRC-834-821-2.junc
PMGRC-544-543-2	/project2/mstephens/cfbuenabadn/gtex-stm/code/gregor_data/sberger/splicing_data/bedgraph/PMGRC-544-543-2.bed.gz	/project2/mstephens/cfbuenabadn/gtex-stm/code/gregor_data/sberger/splicing_data/junction/PMGRC-544-543-2.junc
PMGRC-769-770-2	/project2/mstephens/cfbuenabadn/gtex-stm/code/gregor_data/sberger/splicing_data/bedgraph/PMGRC-769-770-2.bed.gz	/project2/mstephens/cfbuenabadn/gtex-stm/code/gregor_data/sberger/splicing_data/junction/PMGRC-769-770-2.junc
PMGRC-147-146-2-1C	/project2/mstephens/cfbuenabadn/gtex-stm/code/gregor_data/sberger/splicing_data/bedgraph/PMGRC-147-146-2-1C.bed.gz	/project2/mstephens/cfbuenabadn/gtex-stm/code/gregor_data/sberger/splicing_data/junction/PMGRC-147-146-2-1C.junc
PMGRC-791-791-0	/project2/mstephens/cfbuenabadn/gtex-stm/code/gregor_data/sberger/splicing_data/bedgraph/PMGRC-791-791-0.bed.gz	/project2/mstephens/cfbuenabadn/gtex-stm/code/gregor_data/sberger/splicing_data/junction/PMGRC-791-791-0.junc
PMGRC-7-5-2-1D	/project2/mstephens/cfbuenabadn/gtex-stm/code/gregor_data/sberger/splicing_data/bedgraph/PMGRC-7-5-2-1D.bed.gz	/project2/mstephens/cfbuenabadn/gtex-stm/code/gregor_data/sberger/splicing_data/junction/PMGRC-7-5-2-1D.junc
PMGRC-754-753-2	/project2/mstephens/cfbuenabadn/gtex-stm/code/gregor_data/sberger/splicing_data/bedgraph/PMGRC-754-753-2.bed.gz	/project2/mstephens/cfbuenabadn/gtex-stm/code/gregor_data/sberger/splicing_data/junction/PMGRC-754-753-2.junc
PMGRC-689-690-1	/project2/mstephens/cfbuenabadn/gtex-stm/code/gregor_data/sberger/splicing_data/bedgraph/PMGRC-689-690-1.bed.gz	/project2/mstephens/cfbuenabadn/gtex-stm/code/gregor_data/sberger/splicing_data/junction/PMGRC-689-690-1.junc
PMGRC-655-287-2	/project2/mstephens/cfbuenabadn/gtex-stm/code/gregor_data/sberger/splicing_data/bedgraph/PMGRC-655-287-2.bed.gz	/project2/mstephens/cfbuenabadn/gtex-stm/code/gregor_data/sberger/splicing_data/junction/PMGRC-655-287-2.junc
PMGRC-840-839-1	/project2/mstephens/cfbuenabadn/gtex-stm/code/gregor_data/sberger/splicing_data/bedgraph/PMGRC-840-839-1.bed.gz	/project2/mstephens/cfbuenabadn/gtex-stm/code/gregor_data/sberger/splicing_data/junction/PMGRC-840-839-1.junc
PMGRC-12-11-2-1C	/project2/mstephens/cfbuenabadn/gtex-stm/code/gregor_data/sberger/splicing_data/bedgraph/PMGRC-12-11-2-1C.bed.gz	/project2/mstephens/cfbuenabadn/gtex-stm/code/gregor_data/sberger/splicing_data/junction/PMGRC-12-11-2-1C.junc
PMGRC-331-332-1	/project2/mstephens/cfbuenabadn/gtex-stm/code/gregor_data/sberger/splicing_data/bedgraph/PMGRC-331-332-1.bed.gz	/project2/mstephens/cfbuenabadn/gtex-stm/code/gregor_data/sberger/splicing_data/junction/PMGRC-331-332-1.junc
PMGRC-164-164-0-1A	/project2/mstephens/cfbuenabadn/gtex-stm/code/gregor_data/sberger/splicing_data/bedgraph/PMGRC-164-164-0-1A.bed.gz	/project2/mstephens/cfbuenabadn/gtex-stm/code/gregor_data/sberger/splicing_data/junction/PMGRC-164-164-0-1A.junc
PMGRC-139-11-1-1C	/project2/mstephens/cfbuenabadn/gtex-stm/code/gregor_data/sberger/splicing_data/bedgraph/PMGRC-139-11-1-1C.bed.gz	/project2/mstephens/cfbuenabadn/gtex-stm/code/gregor_data/sberger/splicing_data/junction/PMGRC-139-11-1-1C.junc
PMGRC-231-79-2-1C	/project2/mstephens/cfbuenabadn/gtex-stm/code/gregor_data/sberger/splicing_data/bedgraph/PMGRC-231-79-2-1C.bed.gz	/project2/mstephens/cfbuenabadn/gtex-stm/code/gregor_data/sberger/splicing_data/junction/PMGRC-231-79-2-1C.junc
PMGRC-133-131-1-1C	/project2/mstephens/cfbuenabadn/gtex-stm/code/gregor_data/sberger/splicing_data/bedgraph/PMGRC-133-131-1-1C.bed.gz	/project2/mstephens/cfbuenabadn/gtex-stm/code/gregor_data/sberger/splicing_data/junction/PMGRC-133-131-1-1C.junc
PMGRC-827-827-0	/project2/mstephens/cfbuenabadn/gtex-stm/code/gregor_data/sberger/splicing_data/bedgraph/PMGRC-827-827-0.bed.gz	/project2/mstephens/cfbuenabadn/gtex-stm/code/gregor_data/sberger/splicing_data/junction/PMGRC-827-827-0.junc
PMGRC-90-88-1-1A	/project2/mstephens/cfbuenabadn/gtex-stm/code/gregor_data/sberger/splicing_data/bedgraph/PMGRC-90-88-1-1A.bed.gz	/project2/mstephens/cfbuenabadn/gtex-stm/code/gregor_data/sberger/splicing_data/junction/PMGRC-90-88-1-1A.junc
PMGRC-529-529-0	/project2/mstephens/cfbuenabadn/gtex-stm/code/gregor_data/sberger/splicing_data/bedgraph/PMGRC-529-529-0.bed.gz	/project2/mstephens/cfbuenabadn/gtex-stm/code/gregor_data/sberger/splicing_data/junction/PMGRC-529-529-0.junc
PMGRC-160-158-1	/project2/mstephens/cfbuenabadn/gtex-stm/code/gregor_data/sberger/splicing_data/bedgraph/PMGRC-160-158-1.bed.gz	/project2/mstephens/cfbuenabadn/gtex-stm/code/gregor_data/sberger/splicing_data/junction/PMGRC-160-158-1.junc
PMGRC-461-459-1-2A	/project2/mstephens/cfbuenabadn/gtex-stm/code/gregor_data/sberger/splicing_data/bedgraph/PMGRC-461-459-1-2A.bed.gz	/project2/mstephens/cfbuenabadn/gtex-stm/code/gregor_data/sberger/splicing_data/junction/PMGRC-461-459-1-2A.junc
PMGRC-137-137-0-1C	/project2/mstephens/cfbuenabadn/gtex-stm/code/gregor_data/sberger/splicing_data/bedgraph/PMGRC-137-137-0-1C.bed.gz	/project2/mstephens/cfbuenabadn/gtex-stm/code/gregor_data/sberger/splicing_data/junction/PMGRC-137-137-0-1C.junc
PMGRC-469-466-1	/project2/mstephens/cfbuenabadn/gtex-stm/code/gregor_data/sberger/splicing_data/bedgraph/PMGRC-469-466-1.bed.gz	/project2/mstephens/cfbuenabadn/gtex-stm/code/gregor_data/sberger/splicing_data/junction/PMGRC-469-466-1.junc
PMGRC-369-369-0	/project2/mstephens/cfbuenabadn/gtex-stm/code/gregor_data/sberger/splicing_data/bedgraph/PMGRC-369-369-0.bed.gz	/project2/mstephens/cfbuenabadn/gtex-stm/code/gregor_data/sberger/splicing_data/junction/PMGRC-369-369-0.junc
PMGRC-755-753-1	/project2/mstephens/cfbuenabadn/gtex-stm/code/gregor_data/sberger/splicing_data/bedgraph/PMGRC-755-753-1.bed.gz	/project2/mstephens/cfbuenabadn/gtex-stm/code/gregor_data/sberger/splicing_data/junction/PMGRC-755-753-1.junc
PMGRC-217-217-0	/project2/mstephens/cfbuenabadn/gtex-stm/code/gregor_data/sberger/splicing_data/bedgraph/PMGRC-217-217-0.bed.gz	/project2/mstephens/cfbuenabadn/gtex-stm/code/gregor_data/sberger/splicing_data/junction/PMGRC-217-217-0.junc
PMGRC-287-287-0	/project2/mstephens/cfbuenabadn/gtex-stm/code/gregor_data/sberger/splicing_data/bedgraph/PMGRC-287-287-0.bed.gz	/project2/mstephens/cfbuenabadn/gtex-stm/code/gregor_data/sberger/splicing_data/junction/PMGRC-287-287-0.junc
PMGRC-289-289-0-1B	/project2/mstephens/cfbuenabadn/gtex-stm/code/gregor_data/sberger/splicing_data/bedgraph/PMGRC-289-289-0-1B.bed.gz	/project2/mstephens/cfbuenabadn/gtex-stm/code/gregor_data/sberger/splicing_data/junction/PMGRC-289-289-0-1B.junc
PMGRC-465-466-2	/project2/mstephens/cfbuenabadn/gtex-stm/code/gregor_data/sberger/splicing_data/bedgraph/PMGRC-465-466-2.bed.gz	/project2/mstephens/cfbuenabadn/gtex-stm/code/gregor_data/sberger/splicing_data/junction/PMGRC-465-466-2.junc
PMGRC-531-530-2	/project2/mstephens/cfbuenabadn/gtex-stm/code/gregor_data/sberger/splicing_data/bedgraph/PMGRC-531-530-2.bed.gz	/project2/mstephens/cfbuenabadn/gtex-stm/code/gregor_data/sberger/splicing_data/junction/PMGRC-531-530-2.junc
PMGRC-114-114-0-1C	/project2/mstephens/cfbuenabadn/gtex-stm/code/gregor_data/sberger/splicing_data/bedgraph/PMGRC-114-114-0-1C.bed.gz	/project2/mstephens/cfbuenabadn/gtex-stm/code/gregor_data/sberger/splicing_data/junction/PMGRC-114-114-0-1C.junc
PMGRC-926-926-0	/project2/mstephens/cfbuenabadn/gtex-stm/code/gregor_data/sberger/splicing_data/bedgraph/PMGRC-926-926-0.bed.gz	/project2/mstephens/cfbuenabadn/gtex-stm/code/gregor_data/sberger/splicing_data/junction/PMGRC-926-926-0.junc
PMGRC-473-472-2	/project2/mstephens/cfbuenabadn/gtex-stm/code/gregor_data/sberger/splicing_data/bedgraph/PMGRC-473-472-2.bed.gz	/project2/mstephens/cfbuenabadn/gtex-stm/code/gregor_data/sberger/splicing_data/junction/PMGRC-473-472-2.junc
PMGRC-483-482-2	/project2/mstephens/cfbuenabadn/gtex-stm/code/gregor_data/sberger/splicing_data/bedgraph/PMGRC-483-482-2.bed.gz	/project2/mstephens/cfbuenabadn/gtex-stm/code/gregor_data/sberger/splicing_data/junction/PMGRC-483-482-2.junc
PMGRC-579-578-1	/project2/mstephens/cfbuenabadn/gtex-stm/code/gregor_data/sberger/splicing_data/bedgraph/PMGRC-579-578-1.bed.gz	/project2/mstephens/cfbuenabadn/gtex-stm/code/gregor_data/sberger/splicing_data/junction/PMGRC-579-578-1.junc
PMGRC-325-324-2	/project2/mstephens/cfbuenabadn/gtex-stm/code/gregor_data/sberger/splicing_data/bedgraph/PMGRC-325-324-2.bed.gz	/project2/mstephens/cfbuenabadn/gtex-stm/code/gregor_data/sberger/splicing_data/junction/PMGRC-325-324-2.junc
PMGRC-705-706-1	/project2/mstephens/cfbuenabadn/gtex-stm/code/gregor_data/sberger/splicing_data/bedgraph/PMGRC-705-706-1.bed.gz	/project2/mstephens/cfbuenabadn/gtex-stm/code/gregor_data/sberger/splicing_data/junction/PMGRC-705-706-1.junc
PMGRC-127-125-1-1A	/project2/mstephens/cfbuenabadn/gtex-stm/code/gregor_data/sberger/splicing_data/bedgraph/PMGRC-127-125-1-1A.bed.gz	/project2/mstephens/cfbuenabadn/gtex-stm/code/gregor_data/sberger/splicing_data/junction/PMGRC-127-125-1-1A.junc
PMGRC-770-770-0	/project2/mstephens/cfbuenabadn/gtex-stm/code/gregor_data/sberger/splicing_data/bedgraph/PMGRC-770-770-0.bed.gz	/project2/mstephens/cfbuenabadn/gtex-stm/code/gregor_data/sberger/splicing_data/junction/PMGRC-770-770-0.junc
PMGRC-603-602-2	/project2/mstephens/cfbuenabadn/gtex-stm/code/gregor_data/sberger/splicing_data/bedgraph/PMGRC-603-602-2.bed.gz	/project2/mstephens/cfbuenabadn/gtex-stm/code/gregor_data/sberger/splicing_data/junction/PMGRC-603-602-2.junc
PMGRC-323-323-0	/project2/mstephens/cfbuenabadn/gtex-stm/code/gregor_data/sberger/splicing_data/bedgraph/PMGRC-323-323-0.bed.gz	/project2/mstephens/cfbuenabadn/gtex-stm/code/gregor_data/sberger/splicing_data/junction/PMGRC-323-323-0.junc
PMGRC-108-108-0-2A	/project2/mstephens/cfbuenabadn/gtex-stm/code/gregor_data/sberger/splicing_data/bedgraph/PMGRC-108-108-0-2A.bed.gz	/project2/mstephens/cfbuenabadn/gtex-stm/code/gregor_data/sberger/splicing_data/junction/PMGRC-108-108-0-2A.junc
PMGRC-710-710-0	/project2/mstephens/cfbuenabadn/gtex-stm/code/gregor_data/sberger/splicing_data/bedgraph/PMGRC-710-710-0.bed.gz	/project2/mstephens/cfbuenabadn/gtex-stm/code/gregor_data/sberger/splicing_data/junction/PMGRC-710-710-0.junc
PMGRC-332-332-0	/project2/mstephens/cfbuenabadn/gtex-stm/code/gregor_data/sberger/splicing_data/bedgraph/PMGRC-332-332-0.bed.gz	/project2/mstephens/cfbuenabadn/gtex-stm/code/gregor_data/sberger/splicing_data/junction/PMGRC-332-332-0.junc
PMGRC-209-209-0-1C	/project2/mstephens/cfbuenabadn/gtex-stm/code/gregor_data/sberger/splicing_data/bedgraph/PMGRC-209-209-0-1C.bed.gz	/project2/mstephens/cfbuenabadn/gtex-stm/code/gregor_data/sberger/splicing_data/junction/PMGRC-209-209-0-1C.junc
PMGRC-110-108-1-2A	/project2/mstephens/cfbuenabadn/gtex-stm/code/gregor_data/sberger/splicing_data/bedgraph/PMGRC-110-108-1-2A.bed.gz	/project2/mstephens/cfbuenabadn/gtex-stm/code/gregor_data/sberger/splicing_data/junction/PMGRC-110-108-1-2A.junc
PMGRC-103-106-1-1D	/project2/mstephens/cfbuenabadn/gtex-stm/code/gregor_data/sberger/splicing_data/bedgraph/PMGRC-103-106-1-1D.bed.gz	/project2/mstephens/cfbuenabadn/gtex-stm/code/gregor_data/sberger/splicing_data/junction/PMGRC-103-106-1-1D.junc
PMGRC-394-392-1	/project2/mstephens/cfbuenabadn/gtex-stm/code/gregor_data/sberger/splicing_data/bedgraph/PMGRC-394-392-1.bed.gz	/project2/mstephens/cfbuenabadn/gtex-stm/code/gregor_data/sberger/splicing_data/junction/PMGRC-394-392-1.junc
PMGRC-55-53-1-1D	/project2/mstephens/cfbuenabadn/gtex-stm/code/gregor_data/sberger/splicing_data/bedgraph/PMGRC-55-53-1-1D.bed.gz	/project2/mstephens/cfbuenabadn/gtex-stm/code/gregor_data/sberger/splicing_data/junction/PMGRC-55-53-1-1D.junc
PMGRC-106-106-0-1C	/project2/mstephens/cfbuenabadn/gtex-stm/code/gregor_data/sberger/splicing_data/bedgraph/PMGRC-106-106-0-1C.bed.gz	/project2/mstephens/cfbuenabadn/gtex-stm/code/gregor_data/sberger/splicing_data/junction/PMGRC-106-106-0-1C.junc
PMGRC-575-575-0	/project2/mstephens/cfbuenabadn/gtex-stm/code/gregor_data/sberger/splicing_data/bedgraph/PMGRC-575-575-0.bed.gz	/project2/mstephens/cfbuenabadn/gtex-stm/code/gregor_data/sberger/splicing_data/junction/PMGRC-575-575-0.junc
PMGRC-179-178-2-2A	/project2/mstephens/cfbuenabadn/gtex-stm/code/gregor_data/sberger/splicing_data/bedgraph/PMGRC-179-178-2-2A.bed.gz	/project2/mstephens/cfbuenabadn/gtex-stm/code/gregor_data/sberger/splicing_data/junction/PMGRC-179-178-2-2A.junc
PMGRC-5-5-0-1C	/project2/mstephens/cfbuenabadn/gtex-stm/code/gregor_data/sberger/splicing_data/bedgraph/PMGRC-5-5-0-1C.bed.gz	/project2/mstephens/cfbuenabadn/gtex-stm/code/gregor_data/sberger/splicing_data/junction/PMGRC-5-5-0-1C.junc
PMGRC-761-760-1	/project2/mstephens/cfbuenabadn/gtex-stm/code/gregor_data/sberger/splicing_data/bedgraph/PMGRC-761-760-1.bed.gz	/project2/mstephens/cfbuenabadn/gtex-stm/code/gregor_data/sberger/splicing_data/junction/PMGRC-761-760-1.junc
PMGRC-820-821-1	/project2/mstephens/cfbuenabadn/gtex-stm/code/gregor_data/sberger/splicing_data/bedgraph/PMGRC-820-821-1.bed.gz	/project2/mstephens/cfbuenabadn/gtex-stm/code/gregor_data/sberger/splicing_data/junction/PMGRC-820-821-1.junc
PMGRC-583-583-0	/project2/mstephens/cfbuenabadn/gtex-stm/code/gregor_data/sberger/splicing_data/bedgraph/PMGRC-583-583-0.bed.gz	/project2/mstephens/cfbuenabadn/gtex-stm/code/gregor_data/sberger/splicing_data/junction/PMGRC-583-583-0.junc
PMGRC-496-494-2	/project2/mstephens/cfbuenabadn/gtex-stm/code/gregor_data/sberger/splicing_data/bedgraph/PMGRC-496-494-2.bed.gz	/project2/mstephens/cfbuenabadn/gtex-stm/code/gregor_data/sberger/splicing_data/junction/PMGRC-496-494-2.junc
PMGRC-13-13-0-1A	/project2/mstephens/cfbuenabadn/gtex-stm/code/gregor_data/sberger/splicing_data/bedgraph/PMGRC-13-13-0-1A.bed.gz	/project2/mstephens/cfbuenabadn/gtex-stm/code/gregor_data/sberger/splicing_data/junction/PMGRC-13-13-0-1A.junc
PMGRC-711-529-3	/project2/mstephens/cfbuenabadn/gtex-stm/code/gregor_data/sberger/splicing_data/bedgraph/PMGRC-711-529-3.bed.gz	/project2/mstephens/cfbuenabadn/gtex-stm/code/gregor_data/sberger/splicing_data/junction/PMGRC-711-529-3.junc
PMGRC-182-181-2-2A	/project2/mstephens/cfbuenabadn/gtex-stm/code/gregor_data/sberger/splicing_data/bedgraph/PMGRC-182-181-2-2A.bed.gz	/project2/mstephens/cfbuenabadn/gtex-stm/code/gregor_data/sberger/splicing_data/junction/PMGRC-182-181-2-2A.junc
PMGRC-167-167-0-1A	/project2/mstephens/cfbuenabadn/gtex-stm/code/gregor_data/sberger/splicing_data/bedgraph/PMGRC-167-167-0-1A.bed.gz	/project2/mstephens/cfbuenabadn/gtex-stm/code/gregor_data/sberger/splicing_data/junction/PMGRC-167-167-0-1A.junc
PMGRC-459-459-0-2A	/project2/mstephens/cfbuenabadn/gtex-stm/code/gregor_data/sberger/splicing_data/bedgraph/PMGRC-459-459-0-2A.bed.gz	/project2/mstephens/cfbuenabadn/gtex-stm/code/gregor_data/sberger/splicing_data/junction/PMGRC-459-459-0-2A.junc
PMGRC-499-497-2-2A	/project2/mstephens/cfbuenabadn/gtex-stm/code/gregor_data/sberger/splicing_data/bedgraph/PMGRC-499-497-2-2A.bed.gz	/project2/mstephens/cfbuenabadn/gtex-stm/code/gregor_data/sberger/splicing_data/junction/PMGRC-499-497-2-2A.junc
PMGRC-524-525-2	/project2/mstephens/cfbuenabadn/gtex-stm/code/gregor_data/sberger/splicing_data/bedgraph/PMGRC-524-525-2.bed.gz	/project2/mstephens/cfbuenabadn/gtex-stm/code/gregor_data/sberger/splicing_data/junction/PMGRC-524-525-2.junc
PMGRC-586-583-3	/project2/mstephens/cfbuenabadn/gtex-stm/code/gregor_data/sberger/splicing_data/bedgraph/PMGRC-586-583-3.bed.gz	/project2/mstephens/cfbuenabadn/gtex-stm/code/gregor_data/sberger/splicing_data/junction/PMGRC-586-583-3.junc
PMGRC-47-46-2-1C	/project2/mstephens/cfbuenabadn/gtex-stm/code/gregor_data/sberger/splicing_data/bedgraph/PMGRC-47-46-2-1C.bed.gz	/project2/mstephens/cfbuenabadn/gtex-stm/code/gregor_data/sberger/splicing_data/junction/PMGRC-47-46-2-1C.junc
PMGRC-206-206-0-1A	/project2/mstephens/cfbuenabadn/gtex-stm/code/gregor_data/sberger/splicing_data/bedgraph/PMGRC-206-206-0-1A.bed.gz	/project2/mstephens/cfbuenabadn/gtex-stm/code/gregor_data/sberger/splicing_data/junction/PMGRC-206-206-0-1A.junc
PMGRC-490-488-1	/project2/mstephens/cfbuenabadn/gtex-stm/code/gregor_data/sberger/splicing_data/bedgraph/PMGRC-490-488-1.bed.gz	/project2/mstephens/cfbuenabadn/gtex-stm/code/gregor_data/sberger/splicing_data/junction/PMGRC-490-488-1.junc
PMGRC-166-164-1-1A	/project2/mstephens/cfbuenabadn/gtex-stm/code/gregor_data/sberger/splicing_data/bedgraph/PMGRC-166-164-1-1A.bed.gz	/project2/mstephens/cfbuenabadn/gtex-stm/code/gregor_data/sberger/splicing_data/junction/PMGRC-166-164-1-1A.junc
PMGRC-265-265-0-1D	/project2/mstephens/cfbuenabadn/gtex-stm/code/gregor_data/sberger/splicing_data/bedgraph/PMGRC-265-265-0-1D.bed.gz	/project2/mstephens/cfbuenabadn/gtex-stm/code/gregor_data/sberger/splicing_data/junction/PMGRC-265-265-0-1D.junc
PMGRC-855-854-1	/project2/mstephens/cfbuenabadn/gtex-stm/code/gregor_data/sberger/splicing_data/bedgraph/PMGRC-855-854-1.bed.gz	/project2/mstephens/cfbuenabadn/gtex-stm/code/gregor_data/sberger/splicing_data/junction/PMGRC-855-854-1.junc
PMGRC-38-39-1-1D	/project2/mstephens/cfbuenabadn/gtex-stm/code/gregor_data/sberger/splicing_data/bedgraph/PMGRC-38-39-1-1D.bed.gz	/project2/mstephens/cfbuenabadn/gtex-stm/code/gregor_data/sberger/splicing_data/junction/PMGRC-38-39-1-1D.junc
PMGRC-802-802-0	/project2/mstephens/cfbuenabadn/gtex-stm/code/gregor_data/sberger/splicing_data/bedgraph/PMGRC-802-802-0.bed.gz	/project2/mstephens/cfbuenabadn/gtex-stm/code/gregor_data/sberger/splicing_data/junction/PMGRC-802-802-0.junc
PMGRC-122-122-0-1B	/project2/mstephens/cfbuenabadn/gtex-stm/code/gregor_data/sberger/splicing_data/bedgraph/PMGRC-122-122-0-1B.bed.gz	/project2/mstephens/cfbuenabadn/gtex-stm/code/gregor_data/sberger/splicing_data/junction/PMGRC-122-122-0-1B.junc
PMGRC-487-485-1-2A	/project2/mstephens/cfbuenabadn/gtex-stm/code/gregor_data/sberger/splicing_data/bedgraph/PMGRC-487-485-1-2A.bed.gz	/project2/mstephens/cfbuenabadn/gtex-stm/code/gregor_data/sberger/splicing_data/junction/PMGRC-487-485-1-2A.junc
PMGRC-382-382-0	/project2/mstephens/cfbuenabadn/gtex-stm/code/gregor_data/sberger/splicing_data/bedgraph/PMGRC-382-382-0.bed.gz	/project2/mstephens/cfbuenabadn/gtex-stm/code/gregor_data/sberger/splicing_data/junction/PMGRC-382-382-0.junc
PMGRC-329-320-2	/project2/mstephens/cfbuenabadn/gtex-stm/code/gregor_data/sberger/splicing_data/bedgraph/PMGRC-329-320-2.bed.gz	/project2/mstephens/cfbuenabadn/gtex-stm/code/gregor_data/sberger/splicing_data/junction/PMGRC-329-320-2.junc
PMGRC-489-488-2	/project2/mstephens/cfbuenabadn/gtex-stm/code/gregor_data/sberger/splicing_data/bedgraph/PMGRC-489-488-2.bed.gz	/project2/mstephens/cfbuenabadn/gtex-stm/code/gregor_data/sberger/splicing_data/junction/PMGRC-489-488-2.junc
PMGRC-79-79-0-1C	/project2/mstephens/cfbuenabadn/gtex-stm/code/gregor_data/sberger/splicing_data/bedgraph/PMGRC-79-79-0-1C.bed.gz	/project2/mstephens/cfbuenabadn/gtex-stm/code/gregor_data/sberger/splicing_data/junction/PMGRC-79-79-0-1C.junc
PMGRC-613-615-2	/project2/mstephens/cfbuenabadn/gtex-stm/code/gregor_data/sberger/splicing_data/bedgraph/PMGRC-613-615-2.bed.gz	/project2/mstephens/cfbuenabadn/gtex-stm/code/gregor_data/sberger/splicing_data/junction/PMGRC-613-615-2.junc
PMGRC-611-611-0	/project2/mstephens/cfbuenabadn/gtex-stm/code/gregor_data/sberger/splicing_data/bedgraph/PMGRC-611-611-0.bed.gz	/project2/mstephens/cfbuenabadn/gtex-stm/code/gregor_data/sberger/splicing_data/junction/PMGRC-611-611-0.junc
PMGRC-786-784-1	/project2/mstephens/cfbuenabadn/gtex-stm/code/gregor_data/sberger/splicing_data/bedgraph/PMGRC-786-784-1.bed.gz	/project2/mstephens/cfbuenabadn/gtex-stm/code/gregor_data/sberger/splicing_data/junction/PMGRC-786-784-1.junc
PMGRC-690-690-0	/project2/mstephens/cfbuenabadn/gtex-stm/code/gregor_data/sberger/splicing_data/bedgraph/PMGRC-690-690-0.bed.gz	/project2/mstephens/cfbuenabadn/gtex-stm/code/gregor_data/sberger/splicing_data/junction/PMGRC-690-690-0.junc
PMGRC-45-43-1-1D	/project2/mstephens/cfbuenabadn/gtex-stm/code/gregor_data/sberger/splicing_data/bedgraph/PMGRC-45-43-1-1D.bed.gz	/project2/mstephens/cfbuenabadn/gtex-stm/code/gregor_data/sberger/splicing_data/junction/PMGRC-45-43-1-1D.junc
PMGRC-125-125-0-1B	/project2/mstephens/cfbuenabadn/gtex-stm/code/gregor_data/sberger/splicing_data/bedgraph/PMGRC-125-125-0-1B.bed.gz	/project2/mstephens/cfbuenabadn/gtex-stm/code/gregor_data/sberger/splicing_data/junction/PMGRC-125-125-0-1B.junc
PMGRC-645-645-0	/project2/mstephens/cfbuenabadn/gtex-stm/code/gregor_data/sberger/splicing_data/bedgraph/PMGRC-645-645-0.bed.gz	/project2/mstephens/cfbuenabadn/gtex-stm/code/gregor_data/sberger/splicing_data/junction/PMGRC-645-645-0.junc
PMGRC-792-791-2	/project2/mstephens/cfbuenabadn/gtex-stm/code/gregor_data/sberger/splicing_data/bedgraph/PMGRC-792-791-2.bed.gz	/project2/mstephens/cfbuenabadn/gtex-stm/code/gregor_data/sberger/splicing_data/junction/PMGRC-792-791-2.junc
PMGRC-364-363-2	/project2/mstephens/cfbuenabadn/gtex-stm/code/gregor_data/sberger/splicing_data/bedgraph/PMGRC-364-363-2.bed.gz	/project2/mstephens/cfbuenabadn/gtex-stm/code/gregor_data/sberger/splicing_data/junction/PMGRC-364-363-2.junc
PMGRC-649-181-3-2A	/project2/mstephens/cfbuenabadn/gtex-stm/code/gregor_data/sberger/splicing_data/bedgraph/PMGRC-649-181-3-2A.bed.gz	/project2/mstephens/cfbuenabadn/gtex-stm/code/gregor_data/sberger/splicing_data/junction/PMGRC-649-181-3-2A.junc
PMGRC-279-279-0-1B	/project2/mstephens/cfbuenabadn/gtex-stm/code/gregor_data/sberger/splicing_data/bedgraph/PMGRC-279-279-0-1B.bed.gz	/project2/mstephens/cfbuenabadn/gtex-stm/code/gregor_data/sberger/splicing_data/junction/PMGRC-279-279-0-1B.junc
PMGRC-105-106-2-1C	/project2/mstephens/cfbuenabadn/gtex-stm/code/gregor_data/sberger/splicing_data/bedgraph/PMGRC-105-106-2-1C.bed.gz	/project2/mstephens/cfbuenabadn/gtex-stm/code/gregor_data/sberger/splicing_data/junction/PMGRC-105-106-2-1C.junc
PMGRC-708-710-2	/project2/mstephens/cfbuenabadn/gtex-stm/code/gregor_data/sberger/splicing_data/bedgraph/PMGRC-708-710-2.bed.gz	/project2/mstephens/cfbuenabadn/gtex-stm/code/gregor_data/sberger/splicing_data/junction/PMGRC-708-710-2.junc
PMGRC-366-366-0-2A	/project2/mstephens/cfbuenabadn/gtex-stm/code/gregor_data/sberger/splicing_data/bedgraph/PMGRC-366-366-0-2A.bed.gz	/project2/mstephens/cfbuenabadn/gtex-stm/code/gregor_data/sberger/splicing_data/junction/PMGRC-366-366-0-2A.junc
PMGRC-663-661-1	/project2/mstephens/cfbuenabadn/gtex-stm/code/gregor_data/sberger/splicing_data/bedgraph/PMGRC-663-661-1.bed.gz	/project2/mstephens/cfbuenabadn/gtex-stm/code/gregor_data/sberger/splicing_data/junction/PMGRC-663-661-1.junc
PMGRC-810-808-2	/project2/mstephens/cfbuenabadn/gtex-stm/code/gregor_data/sberger/splicing_data/bedgraph/PMGRC-810-808-2.bed.gz	/project2/mstephens/cfbuenabadn/gtex-stm/code/gregor_data/sberger/splicing_data/junction/PMGRC-810-808-2.junc
PMGRC-385-385-0	/project2/mstephens/cfbuenabadn/gtex-stm/code/gregor_data/sberger/splicing_data/bedgraph/PMGRC-385-385-0.bed.gz	/project2/mstephens/cfbuenabadn/gtex-stm/code/gregor_data/sberger/splicing_data/junction/PMGRC-385-385-0.junc
PMGRC-513-512-2	/project2/mstephens/cfbuenabadn/gtex-stm/code/gregor_data/sberger/splicing_data/bedgraph/PMGRC-513-512-2.bed.gz	/project2/mstephens/cfbuenabadn/gtex-stm/code/gregor_data/sberger/splicing_data/junction/PMGRC-513-512-2.junc
PMGRC-536-534-3	/project2/mstephens/cfbuenabadn/gtex-stm/code/gregor_data/sberger/splicing_data/bedgraph/PMGRC-536-534-3.bed.gz	/project2/mstephens/cfbuenabadn/gtex-stm/code/gregor_data/sberger/splicing_data/junction/PMGRC-536-534-3.junc
PMGRC-299-299-0-1D	/project2/mstephens/cfbuenabadn/gtex-stm/code/gregor_data/sberger/splicing_data/bedgraph/PMGRC-299-299-0-1D.bed.gz	/project2/mstephens/cfbuenabadn/gtex-stm/code/gregor_data/sberger/splicing_data/junction/PMGRC-299-299-0-1D.junc
PMGRC-614-615-1	/project2/mstephens/cfbuenabadn/gtex-stm/code/gregor_data/sberger/splicing_data/bedgraph/PMGRC-614-615-1.bed.gz	/project2/mstephens/cfbuenabadn/gtex-stm/code/gregor_data/sberger/splicing_data/junction/PMGRC-614-615-1.junc
PMGRC-121-122-2-1B	/project2/mstephens/cfbuenabadn/gtex-stm/code/gregor_data/sberger/splicing_data/bedgraph/PMGRC-121-122-2-1B.bed.gz	/project2/mstephens/cfbuenabadn/gtex-stm/code/gregor_data/sberger/splicing_data/junction/PMGRC-121-122-2-1B.junc
PMGRC-131-131-0-1A	/project2/mstephens/cfbuenabadn/gtex-stm/code/gregor_data/sberger/splicing_data/bedgraph/PMGRC-131-131-0-1A.bed.gz	/project2/mstephens/cfbuenabadn/gtex-stm/code/gregor_data/sberger/splicing_data/junction/PMGRC-131-131-0-1A.junc
PMGRC-626-626-0	/project2/mstephens/cfbuenabadn/gtex-stm/code/gregor_data/sberger/splicing_data/bedgraph/PMGRC-626-626-0.bed.gz	/project2/mstephens/cfbuenabadn/gtex-stm/code/gregor_data/sberger/splicing_data/junction/PMGRC-626-626-0.junc
PMGRC-230-79-1-1C	/project2/mstephens/cfbuenabadn/gtex-stm/code/gregor_data/sberger/splicing_data/bedgraph/PMGRC-230-79-1-1C.bed.gz	/project2/mstephens/cfbuenabadn/gtex-stm/code/gregor_data/sberger/splicing_data/junction/PMGRC-230-79-1-1C.junc
PMGRC-387-385-1	/project2/mstephens/cfbuenabadn/gtex-stm/code/gregor_data/sberger/splicing_data/bedgraph/PMGRC-387-385-1.bed.gz	/project2/mstephens/cfbuenabadn/gtex-stm/code/gregor_data/sberger/splicing_data/junction/PMGRC-387-385-1.junc
PMGRC-135-107-1-1C	/project2/mstephens/cfbuenabadn/gtex-stm/code/gregor_data/sberger/splicing_data/bedgraph/PMGRC-135-107-1-1C.bed.gz	/project2/mstephens/cfbuenabadn/gtex-stm/code/gregor_data/sberger/splicing_data/junction/PMGRC-135-107-1-1C.junc
PMGRC-345-345-0	/project2/mstephens/cfbuenabadn/gtex-stm/code/gregor_data/sberger/splicing_data/bedgraph/PMGRC-345-345-0.bed.gz	/project2/mstephens/cfbuenabadn/gtex-stm/code/gregor_data/sberger/splicing_data/junction/PMGRC-345-345-0.junc
PMGRC-208-209-1-1C	/project2/mstephens/cfbuenabadn/gtex-stm/code/gregor_data/sberger/splicing_data/bedgraph/PMGRC-208-209-1-1C.bed.gz	/project2/mstephens/cfbuenabadn/gtex-stm/code/gregor_data/sberger/splicing_data/junction/PMGRC-208-209-1-1C.junc
PMGRC-662-661-2	/project2/mstephens/cfbuenabadn/gtex-stm/code/gregor_data/sberger/splicing_data/bedgraph/PMGRC-662-661-2.bed.gz	/project2/mstephens/cfbuenabadn/gtex-stm/code/gregor_data/sberger/splicing_data/junction/PMGRC-662-661-2.junc
PMGRC-389-388-2	/project2/mstephens/cfbuenabadn/gtex-stm/code/gregor_data/sberger/splicing_data/bedgraph/PMGRC-389-388-2.bed.gz	/project2/mstephens/cfbuenabadn/gtex-stm/code/gregor_data/sberger/splicing_data/junction/PMGRC-389-388-2.junc
PMGRC-789-773-2	/project2/mstephens/cfbuenabadn/gtex-stm/code/gregor_data/sberger/splicing_data/bedgraph/PMGRC-789-773-2.bed.gz	/project2/mstephens/cfbuenabadn/gtex-stm/code/gregor_data/sberger/splicing_data/junction/PMGRC-789-773-2.junc
PMGRC-32-32-0-1C	/project2/mstephens/cfbuenabadn/gtex-stm/code/gregor_data/sberger/splicing_data/bedgraph/PMGRC-32-32-0-1C.bed.gz	/project2/mstephens/cfbuenabadn/gtex-stm/code/gregor_data/sberger/splicing_data/junction/PMGRC-32-32-0-1C.junc
PMGRC-309-310-1	/project2/mstephens/cfbuenabadn/gtex-stm/code/gregor_data/sberger/splicing_data/bedgraph/PMGRC-309-310-1.bed.gz	/project2/mstephens/cfbuenabadn/gtex-stm/code/gregor_data/sberger/splicing_data/junction/PMGRC-309-310-1.junc
PMGRC-784-784-0	/project2/mstephens/cfbuenabadn/gtex-stm/code/gregor_data/sberger/splicing_data/bedgraph/PMGRC-784-784-0.bed.gz	/project2/mstephens/cfbuenabadn/gtex-stm/code/gregor_data/sberger/splicing_data/junction/PMGRC-784-784-0.junc
PMGRC-623-622-2	/project2/mstephens/cfbuenabadn/gtex-stm/code/gregor_data/sberger/splicing_data/bedgraph/PMGRC-623-622-2.bed.gz	/project2/mstephens/cfbuenabadn/gtex-stm/code/gregor_data/sberger/splicing_data/junction/PMGRC-623-622-2.junc
PMGRC-688-690-2	/project2/mstephens/cfbuenabadn/gtex-stm/code/gregor_data/sberger/splicing_data/bedgraph/PMGRC-688-690-2.bed.gz	/project2/mstephens/cfbuenabadn/gtex-stm/code/gregor_data/sberger/splicing_data/junction/PMGRC-688-690-2.junc
PMGRC-669-668-2	/project2/mstephens/cfbuenabadn/gtex-stm/code/gregor_data/sberger/splicing_data/bedgraph/PMGRC-669-668-2.bed.gz	/project2/mstephens/cfbuenabadn/gtex-stm/code/gregor_data/sberger/splicing_data/junction/PMGRC-669-668-2.junc
PMGRC-803-802-2	/project2/mstephens/cfbuenabadn/gtex-stm/code/gregor_data/sberger/splicing_data/bedgraph/PMGRC-803-802-2.bed.gz	/project2/mstephens/cfbuenabadn/gtex-stm/code/gregor_data/sberger/splicing_data/junction/PMGRC-803-802-2.junc
PMGRC-11-11-0-1A	/project2/mstephens/cfbuenabadn/gtex-stm/code/gregor_data/sberger/splicing_data/bedgraph/PMGRC-11-11-0-1A.bed.gz	/project2/mstephens/cfbuenabadn/gtex-stm/code/gregor_data/sberger/splicing_data/junction/PMGRC-11-11-0-1A.junc
PMGRC-227-226-2-2A	/project2/mstephens/cfbuenabadn/gtex-stm/code/gregor_data/sberger/splicing_data/bedgraph/PMGRC-227-226-2-2A.bed.gz	/project2/mstephens/cfbuenabadn/gtex-stm/code/gregor_data/sberger/splicing_data/junction/PMGRC-227-226-2-2A.junc
PMGRC-745-664-1	/project2/mstephens/cfbuenabadn/gtex-stm/code/gregor_data/sberger/splicing_data/bedgraph/PMGRC-745-664-1.bed.gz	/project2/mstephens/cfbuenabadn/gtex-stm/code/gregor_data/sberger/splicing_data/junction/PMGRC-745-664-1.junc
PMGRC-88-88-0-1A	/project2/mstephens/cfbuenabadn/gtex-stm/code/gregor_data/sberger/splicing_data/bedgraph/PMGRC-88-88-0-1A.bed.gz	/project2/mstephens/cfbuenabadn/gtex-stm/code/gregor_data/sberger/splicing_data/junction/PMGRC-88-88-0-1A.junc
PMGRC-729-729-0	/project2/mstephens/cfbuenabadn/gtex-stm/code/gregor_data/sberger/splicing_data/bedgraph/PMGRC-729-729-0.bed.gz	/project2/mstephens/cfbuenabadn/gtex-stm/code/gregor_data/sberger/splicing_data/junction/PMGRC-729-729-0.junc
PMGRC-585-583-1	/project2/mstephens/cfbuenabadn/gtex-stm/code/gregor_data/sberger/splicing_data/bedgraph/PMGRC-585-583-1.bed.gz	/project2/mstephens/cfbuenabadn/gtex-stm/code/gregor_data/sberger/splicing_data/junction/PMGRC-585-583-1.junc
PMGRC-620-619-2	/project2/mstephens/cfbuenabadn/gtex-stm/code/gregor_data/sberger/splicing_data/bedgraph/PMGRC-620-619-2.bed.gz	/project2/mstephens/cfbuenabadn/gtex-stm/code/gregor_data/sberger/splicing_data/junction/PMGRC-620-619-2.junc
PMGRC-567-568-1-2A	/project2/mstephens/cfbuenabadn/gtex-stm/code/gregor_data/sberger/splicing_data/bedgraph/PMGRC-567-568-1-2A.bed.gz	/project2/mstephens/cfbuenabadn/gtex-stm/code/gregor_data/sberger/splicing_data/junction/PMGRC-567-568-1-2A.junc
PMGRC-724-668-1	/project2/mstephens/cfbuenabadn/gtex-stm/code/gregor_data/sberger/splicing_data/bedgraph/PMGRC-724-668-1.bed.gz	/project2/mstephens/cfbuenabadn/gtex-stm/code/gregor_data/sberger/splicing_data/junction/PMGRC-724-668-1.junc
PMGRC-488-488-0	/project2/mstephens/cfbuenabadn/gtex-stm/code/gregor_data/sberger/splicing_data/bedgraph/PMGRC-488-488-0.bed.gz	/project2/mstephens/cfbuenabadn/gtex-stm/code/gregor_data/sberger/splicing_data/junction/PMGRC-488-488-0.junc
PMGRC-878-878-0	/project2/mstephens/cfbuenabadn/gtex-stm/code/gregor_data/sberger/splicing_data/bedgraph/PMGRC-878-878-0.bed.gz	/project2/mstephens/cfbuenabadn/gtex-stm/code/gregor_data/sberger/splicing_data/junction/PMGRC-878-878-0.junc
PMGRC-283-279-1-1B	/project2/mstephens/cfbuenabadn/gtex-stm/code/gregor_data/sberger/splicing_data/bedgraph/PMGRC-283-279-1-1B.bed.gz	/project2/mstephens/cfbuenabadn/gtex-stm/code/gregor_data/sberger/splicing_data/junction/PMGRC-283-279-1-1B.junc
PMGRC-111-107-2-1C	/project2/mstephens/cfbuenabadn/gtex-stm/code/gregor_data/sberger/splicing_data/bedgraph/PMGRC-111-107-2-1C.bed.gz	/project2/mstephens/cfbuenabadn/gtex-stm/code/gregor_data/sberger/splicing_data/junction/PMGRC-111-107-2-1C.junc
PMGRC-665-664-2	/project2/mstephens/cfbuenabadn/gtex-stm/code/gregor_data/sberger/splicing_data/bedgraph/PMGRC-665-664-2.bed.gz	/project2/mstephens/cfbuenabadn/gtex-stm/code/gregor_data/sberger/splicing_data/junction/PMGRC-665-664-2.junc
PMGRC-310-310-0	/project2/mstephens/cfbuenabadn/gtex-stm/code/gregor_data/sberger/splicing_data/bedgraph/PMGRC-310-310-0.bed.gz	/project2/mstephens/cfbuenabadn/gtex-stm/code/gregor_data/sberger/splicing_data/junction/PMGRC-310-310-0.junc
PMGRC-180-178-1-2A	/project2/mstephens/cfbuenabadn/gtex-stm/code/gregor_data/sberger/splicing_data/bedgraph/PMGRC-180-178-1-2A.bed.gz	/project2/mstephens/cfbuenabadn/gtex-stm/code/gregor_data/sberger/splicing_data/junction/PMGRC-180-178-1-2A.junc
PMGRC-181-181-0-2A	/project2/mstephens/cfbuenabadn/gtex-stm/code/gregor_data/sberger/splicing_data/bedgraph/PMGRC-181-181-0-2A.bed.gz	/project2/mstephens/cfbuenabadn/gtex-stm/code/gregor_data/sberger/splicing_data/junction/PMGRC-181-181-0-2A.junc
PMGRC-89-88-2-1A	/project2/mstephens/cfbuenabadn/gtex-stm/code/gregor_data/sberger/splicing_data/bedgraph/PMGRC-89-88-2-1A.bed.gz	/project2/mstephens/cfbuenabadn/gtex-stm/code/gregor_data/sberger/splicing_data/junction/PMGRC-89-88-2-1A.junc
PMGRC-482-482-0	/project2/mstephens/cfbuenabadn/gtex-stm/code/gregor_data/sberger/splicing_data/bedgraph/PMGRC-482-482-0.bed.gz	/project2/mstephens/cfbuenabadn/gtex-stm/code/gregor_data/sberger/splicing_data/junction/PMGRC-482-482-0.junc
PMGRC-509-509-0-2A	/project2/mstephens/cfbuenabadn/gtex-stm/code/gregor_data/sberger/splicing_data/bedgraph/PMGRC-509-509-0-2A.bed.gz	/project2/mstephens/cfbuenabadn/gtex-stm/code/gregor_data/sberger/splicing_data/junction/PMGRC-509-509-0-2A.junc
PMGRC-561-559-1	/project2/mstephens/cfbuenabadn/gtex-stm/code/gregor_data/sberger/splicing_data/bedgraph/PMGRC-561-559-1.bed.gz	/project2/mstephens/cfbuenabadn/gtex-stm/code/gregor_data/sberger/splicing_data/junction/PMGRC-561-559-1.junc
PMGRC-368-366-1-2A	/project2/mstephens/cfbuenabadn/gtex-stm/code/gregor_data/sberger/splicing_data/bedgraph/PMGRC-368-366-1-2A.bed.gz	/project2/mstephens/cfbuenabadn/gtex-stm/code/gregor_data/sberger/splicing_data/junction/PMGRC-368-366-1-2A.junc
PMGRC-793-793-0	/project2/mstephens/cfbuenabadn/gtex-stm/code/gregor_data/sberger/splicing_data/bedgraph/PMGRC-793-793-0.bed.gz	/project2/mstephens/cfbuenabadn/gtex-stm/code/gregor_data/sberger/splicing_data/junction/PMGRC-793-793-0.junc
PMGRC-178-178-0-2A	/project2/mstephens/cfbuenabadn/gtex-stm/code/gregor_data/sberger/splicing_data/bedgraph/PMGRC-178-178-0-2A.bed.gz	/project2/mstephens/cfbuenabadn/gtex-stm/code/gregor_data/sberger/splicing_data/junction/PMGRC-178-178-0-2A.junc
PMGRC-804-802-1	/project2/mstephens/cfbuenabadn/gtex-stm/code/gregor_data/sberger/splicing_data/bedgraph/PMGRC-804-802-1.bed.gz	/project2/mstephens/cfbuenabadn/gtex-stm/code/gregor_data/sberger/splicing_data/junction/PMGRC-804-802-1.junc
PMGRC-839-839-0	/project2/mstephens/cfbuenabadn/gtex-stm/code/gregor_data/sberger/splicing_data/bedgraph/PMGRC-839-839-0.bed.gz	/project2/mstephens/cfbuenabadn/gtex-stm/code/gregor_data/sberger/splicing_data/junction/PMGRC-839-839-0.junc
PMGRC-43-43-0-1C	/project2/mstephens/cfbuenabadn/gtex-stm/code/gregor_data/sberger/splicing_data/bedgraph/PMGRC-43-43-0-1C.bed.gz	/project2/mstephens/cfbuenabadn/gtex-stm/code/gregor_data/sberger/splicing_data/junction/PMGRC-43-43-0-1C.junc
PMGRC-658-658-0	/project2/mstephens/cfbuenabadn/gtex-stm/code/gregor_data/sberger/splicing_data/bedgraph/PMGRC-658-658-0.bed.gz	/project2/mstephens/cfbuenabadn/gtex-stm/code/gregor_data/sberger/splicing_data/junction/PMGRC-658-658-0.junc
PMGRC-83-82-2-1C	/project2/mstephens/cfbuenabadn/gtex-stm/code/gregor_data/sberger/splicing_data/bedgraph/PMGRC-83-82-2-1C.bed.gz	/project2/mstephens/cfbuenabadn/gtex-stm/code/gregor_data/sberger/splicing_data/junction/PMGRC-83-82-2-1C.junc
PMGRC-126-125-2-1C	/project2/mstephens/cfbuenabadn/gtex-stm/code/gregor_data/sberger/splicing_data/bedgraph/PMGRC-126-125-2-1C.bed.gz	/project2/mstephens/cfbuenabadn/gtex-stm/code/gregor_data/sberger/splicing_data/junction/PMGRC-126-125-2-1C.junc
PMGRC-229-194-1-1A	/project2/mstephens/cfbuenabadn/gtex-stm/code/gregor_data/sberger/splicing_data/bedgraph/PMGRC-229-194-1-1A.bed.gz	/project2/mstephens/cfbuenabadn/gtex-stm/code/gregor_data/sberger/splicing_data/junction/PMGRC-229-194-1-1A.junc
PMGRC-417-417-0	/project2/mstephens/cfbuenabadn/gtex-stm/code/gregor_data/sberger/splicing_data/bedgraph/PMGRC-417-417-0.bed.gz	/project2/mstephens/cfbuenabadn/gtex-stm/code/gregor_data/sberger/splicing_data/junction/PMGRC-417-417-0.junc
PMGRC-284-284-0-1B	/project2/mstephens/cfbuenabadn/gtex-stm/code/gregor_data/sberger/splicing_data/bedgraph/PMGRC-284-284-0-1B.bed.gz	/project2/mstephens/cfbuenabadn/gtex-stm/code/gregor_data/sberger/splicing_data/junction/PMGRC-284-284-0-1B.junc
PMGRC-70-68-1-1C	/project2/mstephens/cfbuenabadn/gtex-stm/code/gregor_data/sberger/splicing_data/bedgraph/PMGRC-70-68-1-1C.bed.gz	/project2/mstephens/cfbuenabadn/gtex-stm/code/gregor_data/sberger/splicing_data/junction/PMGRC-70-68-1-1C.junc
PMGRC-388-388-0	/project2/mstephens/cfbuenabadn/gtex-stm/code/gregor_data/sberger/splicing_data/bedgraph/PMGRC-388-388-0.bed.gz	/project2/mstephens/cfbuenabadn/gtex-stm/code/gregor_data/sberger/splicing_data/junction/PMGRC-388-388-0.junc
PMGRC-785-784-2	/project2/mstephens/cfbuenabadn/gtex-stm/code/gregor_data/sberger/splicing_data/bedgraph/PMGRC-785-784-2.bed.gz	/project2/mstephens/cfbuenabadn/gtex-stm/code/gregor_data/sberger/splicing_data/junction/PMGRC-785-784-2.junc
PMGRC-207-206-2-1B	/project2/mstephens/cfbuenabadn/gtex-stm/code/gregor_data/sberger/splicing_data/bedgraph/PMGRC-207-206-2-1B.bed.gz	/project2/mstephens/cfbuenabadn/gtex-stm/code/gregor_data/sberger/splicing_data/junction/PMGRC-207-206-2-1B.junc
PMGRC-80-86-2-1C	/project2/mstephens/cfbuenabadn/gtex-stm/code/gregor_data/sberger/splicing_data/bedgraph/PMGRC-80-86-2-1C.bed.gz	/project2/mstephens/cfbuenabadn/gtex-stm/code/gregor_data/sberger/splicing_data/junction/PMGRC-80-86-2-1C.junc
PMGRC-525-525-0	/project2/mstephens/cfbuenabadn/gtex-stm/code/gregor_data/sberger/splicing_data/bedgraph/PMGRC-525-525-0.bed.gz	/project2/mstephens/cfbuenabadn/gtex-stm/code/gregor_data/sberger/splicing_data/junction/PMGRC-525-525-0.junc
PMGRC-116-116-0-1A	/project2/mstephens/cfbuenabadn/gtex-stm/code/gregor_data/sberger/splicing_data/bedgraph/PMGRC-116-116-0-1A.bed.gz	/project2/mstephens/cfbuenabadn/gtex-stm/code/gregor_data/sberger/splicing_data/junction/PMGRC-116-116-0-1A.junc
PMGRC-795-793-1	/project2/mstephens/cfbuenabadn/gtex-stm/code/gregor_data/sberger/splicing_data/bedgraph/PMGRC-795-793-1.bed.gz	/project2/mstephens/cfbuenabadn/gtex-stm/code/gregor_data/sberger/splicing_data/junction/PMGRC-795-793-1.junc
PMGRC-370-369-2	/project2/mstephens/cfbuenabadn/gtex-stm/code/gregor_data/sberger/splicing_data/bedgraph/PMGRC-370-369-2.bed.gz	/project2/mstephens/cfbuenabadn/gtex-stm/code/gregor_data/sberger/splicing_data/junction/PMGRC-370-369-2.junc
PMGRC-320-320-0	/project2/mstephens/cfbuenabadn/gtex-stm/code/gregor_data/sberger/splicing_data/bedgraph/PMGRC-320-320-0.bed.gz	/project2/mstephens/cfbuenabadn/gtex-stm/code/gregor_data/sberger/splicing_data/junction/PMGRC-320-320-0.junc
PMGRC-566-568-2-2A	/project2/mstephens/cfbuenabadn/gtex-stm/code/gregor_data/sberger/splicing_data/bedgraph/PMGRC-566-568-2-2A.bed.gz	/project2/mstephens/cfbuenabadn/gtex-stm/code/gregor_data/sberger/splicing_data/junction/PMGRC-566-568-2-2A.junc
PMGRC-801-801-0	/project2/mstephens/cfbuenabadn/gtex-stm/code/gregor_data/sberger/splicing_data/bedgraph/PMGRC-801-801-0.bed.gz	/project2/mstephens/cfbuenabadn/gtex-stm/code/gregor_data/sberger/splicing_data/junction/PMGRC-801-801-0.junc
PMGRC-697-697-0	/project2/mstephens/cfbuenabadn/gtex-stm/code/gregor_data/sberger/splicing_data/bedgraph/PMGRC-697-697-0.bed.gz	/project2/mstephens/cfbuenabadn/gtex-stm/code/gregor_data/sberger/splicing_data/junction/PMGRC-697-697-0.junc
PMGRC-838-839-2	/project2/mstephens/cfbuenabadn/gtex-stm/code/gregor_data/sberger/splicing_data/bedgraph/PMGRC-838-839-2.bed.gz	/project2/mstephens/cfbuenabadn/gtex-stm/code/gregor_data/sberger/splicing_data/junction/PMGRC-838-839-2.junc
PMGRC-384-382-1	/project2/mstephens/cfbuenabadn/gtex-stm/code/gregor_data/sberger/splicing_data/bedgraph/PMGRC-384-382-1.bed.gz	/project2/mstephens/cfbuenabadn/gtex-stm/code/gregor_data/sberger/splicing_data/junction/PMGRC-384-382-1.junc
PMGRC-526-525-3	/project2/mstephens/cfbuenabadn/gtex-stm/code/gregor_data/sberger/splicing_data/bedgraph/PMGRC-526-525-3.bed.gz	/project2/mstephens/cfbuenabadn/gtex-stm/code/gregor_data/sberger/splicing_data/junction/PMGRC-526-525-3.junc
PMGRC-282-279-2-1B	/project2/mstephens/cfbuenabadn/gtex-stm/code/gregor_data/sberger/splicing_data/bedgraph/PMGRC-282-279-2-1B.bed.gz	/project2/mstephens/cfbuenabadn/gtex-stm/code/gregor_data/sberger/splicing_data/junction/PMGRC-282-279-2-1B.junc
PMGRC-794-793-2	/project2/mstephens/cfbuenabadn/gtex-stm/code/gregor_data/sberger/splicing_data/bedgraph/PMGRC-794-793-2.bed.gz	/project2/mstephens/cfbuenabadn/gtex-stm/code/gregor_data/sberger/splicing_data/junction/PMGRC-794-793-2.junc
PMGRC-157-146-1-1C	/project2/mstephens/cfbuenabadn/gtex-stm/code/gregor_data/sberger/splicing_data/bedgraph/PMGRC-157-146-1-1C.bed.gz	/project2/mstephens/cfbuenabadn/gtex-stm/code/gregor_data/sberger/splicing_data/junction/PMGRC-157-146-1-1C.junc
PMGRC-580-580-0	/project2/mstephens/cfbuenabadn/gtex-stm/code/gregor_data/sberger/splicing_data/bedgraph/PMGRC-580-580-0.bed.gz	/project2/mstephens/cfbuenabadn/gtex-stm/code/gregor_data/sberger/splicing_data/junction/PMGRC-580-580-0.junc
PMGRC-807-807-0	/project2/mstephens/cfbuenabadn/gtex-stm/code/gregor_data/sberger/splicing_data/bedgraph/PMGRC-807-807-0.bed.gz	/project2/mstephens/cfbuenabadn/gtex-stm/code/gregor_data/sberger/splicing_data/junction/PMGRC-807-807-0.junc
PMGRC-659-658-3	/project2/mstephens/cfbuenabadn/gtex-stm/code/gregor_data/sberger/splicing_data/bedgraph/PMGRC-659-658-3.bed.gz	/project2/mstephens/cfbuenabadn/gtex-stm/code/gregor_data/sberger/splicing_data/junction/PMGRC-659-658-3.junc
PMGRC-527-522-1	/project2/mstephens/cfbuenabadn/gtex-stm/code/gregor_data/sberger/splicing_data/bedgraph/PMGRC-527-522-1.bed.gz	/project2/mstephens/cfbuenabadn/gtex-stm/code/gregor_data/sberger/splicing_data/junction/PMGRC-527-522-1.junc
PMGRC-404-403-1	/project2/mstephens/cfbuenabadn/gtex-stm/code/gregor_data/sberger/splicing_data/bedgraph/PMGRC-404-403-1.bed.gz	/project2/mstephens/cfbuenabadn/gtex-stm/code/gregor_data/sberger/splicing_data/junction/PMGRC-404-403-1.junc
