	tissue_id
GTEX-1117F-0226-SM-5GZZ7	Adipose_Subcutaneous
GTEX-111CU-1826-SM-5GZYN	Adipose_Subcutaneous
GTEX-111FC-0226-SM-5N9B8	Adipose_Subcutaneous
GTEX-111VG-2326-SM-5N9BK	Adipose_Subcutaneous
GTEX-111YS-2426-SM-5GZZQ	Adipose_Subcutaneous
GTEX-1122O-2026-SM-9YFMG	Adipose_Subcutaneous
GTEX-1128S-2126-SM-5H12U	Adipose_Subcutaneous
GTEX-113IC-0226-SM-5HL5C	Adipose_Subcutaneous
GTEX-117YX-2226-SM-5EGJJ	Adipose_Subcutaneous
GTEX-11DXW-0326-SM-5H11W	Adipose_Subcutaneous
GTEX-11DXX-2326-SM-9YFKS	Adipose_Subcutaneous
GTEX-11DZ1-0226-SM-5A5KF	Adipose_Subcutaneous
GTEX-11EI6-0226-SM-5EQ64	Adipose_Subcutaneous
GTEX-11EM3-2326-SM-5H12B	Adipose_Subcutaneous
GTEX-11EMC-2826-SM-5PNY6	Adipose_Subcutaneous
GTEX-11EQ8-0226-SM-5EQ5G	Adipose_Subcutaneous
GTEX-11EQ9-2526-SM-5HL66	Adipose_Subcutaneous
GTEX-11GS4-2626-SM-5A5LD	Adipose_Subcutaneous
GTEX-11GSO-2326-SM-5A5LX	Adipose_Subcutaneous
GTEX-11H98-0226-SM-5NQ89	Adipose_Subcutaneous
GTEX-11I78-2626-SM-5Q5AI	Adipose_Subcutaneous
GTEX-11LCK-1126-SM-5A5KC	Adipose_Subcutaneous
GTEX-11NUK-0326-SM-5HL5K	Adipose_Subcutaneous
GTEX-11O72-0226-SM-59869	Adipose_Subcutaneous
GTEX-11OF3-2426-SM-5Q5AS	Adipose_Subcutaneous
GTEX-11ONC-2526-SM-5986W	Adipose_Subcutaneous
GTEX-11P7K-2026-SM-5GU74	Adipose_Subcutaneous
GTEX-11P81-2426-SM-5GU65	Adipose_Subcutaneous
GTEX-11P82-1726-SM-5Q5AT	Adipose_Subcutaneous
GTEX-11PRG-0626-SM-5BC56	Adipose_Subcutaneous
GTEX-11TT1-2426-SM-5EQMK	Adipose_Subcutaneous
GTEX-11TTK-0226-SM-5N9EC	Adipose_Subcutaneous
GTEX-11TUW-2626-SM-5EQKZ	Adipose_Subcutaneous
GTEX-11UD1-0226-SM-5EQKL	Adipose_Subcutaneous
GTEX-11UD2-0126-SM-5EQL2	Adipose_Subcutaneous
GTEX-11WQC-2426-SM-5EQKQ	Adipose_Subcutaneous
GTEX-11XUK-2126-SM-5EQLR	Adipose_Subcutaneous
GTEX-11ZTS-0226-SM-5EQKD	Adipose_Subcutaneous
GTEX-11ZTT-2526-SM-5EQM9	Adipose_Subcutaneous
GTEX-11ZU8-2426-SM-5EQMV	Adipose_Subcutaneous
GTEX-11ZUS-0726-SM-59886	Adipose_Subcutaneous
GTEX-11ZVC-2626-SM-5FQTA	Adipose_Subcutaneous
GTEX-1211K-2226-SM-5FQU6	Adipose_Subcutaneous
GTEX-12126-0426-SM-5Q5AP	Adipose_Subcutaneous
GTEX-1212Z-2426-SM-5EQ5D	Adipose_Subcutaneous
GTEX-12584-0226-SM-5EQL5	Adipose_Subcutaneous
GTEX-12696-2526-SM-5EQLN	Adipose_Subcutaneous
GTEX-1269C-2726-SM-5EGJ4	Adipose_Subcutaneous
GTEX-12C56-1626-SM-5FQUO	Adipose_Subcutaneous
GTEX-12KS4-0426-SM-5EQMC	Adipose_Subcutaneous
GTEX-12WSA-0326-SM-5BC6I	Adipose_Subcutaneous
GTEX-12WSC-0226-SM-5EQ52	Adipose_Subcutaneous
GTEX-12WSD-0226-SM-59HKO	Adipose_Subcutaneous
GTEX-12WSL-2426-SM-5GCN7	Adipose_Subcutaneous
GTEX-12WSM-0226-SM-5LZV6	Adipose_Subcutaneous
GTEX-12ZZX-0226-SM-5DUXU	Adipose_Subcutaneous
GTEX-12ZZY-0326-SM-5LZVQ	Adipose_Subcutaneous
GTEX-12ZZZ-0526-SM-5DUX6	Adipose_Subcutaneous
GTEX-13111-1726-SM-5EGJZ	Adipose_Subcutaneous
GTEX-13112-2726-SM-5DUW5	Adipose_Subcutaneous
GTEX-13113-1826-SM-5LZW4	Adipose_Subcutaneous
GTEX-1313W-0226-SM-5LZV7	Adipose_Subcutaneous
GTEX-1314G-1626-SM-5EQ67	Adipose_Subcutaneous
GTEX-131XE-2426-SM-5EQ5V	Adipose_Subcutaneous
GTEX-131XF-2226-SM-5EQKG	Adipose_Subcutaneous
GTEX-131XW-0526-SM-5PNXZ	Adipose_Subcutaneous
GTEX-131YS-0226-SM-5IJEH	Adipose_Subcutaneous
GTEX-132AR-0226-SM-5IJBE	Adipose_Subcutaneous
GTEX-132QS-2526-SM-62LFJ	Adipose_Subcutaneous
GTEX-133LE-1926-SM-5N9FV	Adipose_Subcutaneous
GTEX-1399R-2626-SM-5KLZ7	Adipose_Subcutaneous
GTEX-1399T-2726-SM-5K7XK	Adipose_Subcutaneous
GTEX-1399U-2426-SM-5K7XB	Adipose_Subcutaneous
GTEX-139D8-0326-SM-5IJCJ	Adipose_Subcutaneous
GTEX-139T4-0126-SM-5HL5G	Adipose_Subcutaneous
GTEX-139T6-2126-SM-5KM37	Adipose_Subcutaneous
GTEX-139T8-0226-SM-5L3EA	Adipose_Subcutaneous
GTEX-139TT-0226-SM-5K7YH	Adipose_Subcutaneous
GTEX-139TU-0226-SM-5J1NM	Adipose_Subcutaneous
GTEX-139YR-2426-SM-5J1OB	Adipose_Subcutaneous
GTEX-13CF2-2626-SM-5LZZA	Adipose_Subcutaneous
GTEX-13CF3-2326-SM-5IFGL	Adipose_Subcutaneous
GTEX-13D11-2326-SM-5IJCY	Adipose_Subcutaneous
GTEX-13FH7-2226-SM-5IJD4	Adipose_Subcutaneous
GTEX-13FHO-0326-SM-5IJBH	Adipose_Subcutaneous
GTEX-13FHP-0226-SM-5K7WD	Adipose_Subcutaneous
GTEX-13FTW-2526-SM-5IJC8	Adipose_Subcutaneous
GTEX-13FTY-0626-SM-5L3F8	Adipose_Subcutaneous
GTEX-13G51-2626-SM-5LZYW	Adipose_Subcutaneous
GTEX-13IVO-0226-SM-5LZXU	Adipose_Subcutaneous
GTEX-13JUV-2826-SM-5LZWU	Adipose_Subcutaneous
GTEX-13JVG-0226-SM-5J1MW	Adipose_Subcutaneous
GTEX-13N11-2626-SM-5K7UQ	Adipose_Subcutaneous
GTEX-13N1W-0226-SM-5K7W6	Adipose_Subcutaneous
GTEX-13N2G-2726-SM-5J1MG	Adipose_Subcutaneous
GTEX-13NYB-2626-SM-9YFMI	Adipose_Subcutaneous
GTEX-13NYS-0226-SM-5MR49	Adipose_Subcutaneous
GTEX-13NZ8-0926-SM-5MR3U	Adipose_Subcutaneous
GTEX-13NZ9-0526-SM-5J1OX	Adipose_Subcutaneous
GTEX-13NZA-0126-SM-5K7UH	Adipose_Subcutaneous
GTEX-13NZB-2426-SM-5K7UF	Adipose_Subcutaneous
GTEX-13O1R-0226-SM-5K7U5	Adipose_Subcutaneous
GTEX-13O21-1526-SM-5K7W4	Adipose_Subcutaneous
GTEX-13O3P-0226-SM-5KM3Z	Adipose_Subcutaneous
GTEX-13O3Q-2326-SM-5KM3G	Adipose_Subcutaneous
GTEX-13O61-2426-SM-5J1NV	Adipose_Subcutaneous
GTEX-13OVI-1326-SM-5IJBO	Adipose_Subcutaneous
GTEX-13OVJ-0326-SM-5L3GL	Adipose_Subcutaneous
GTEX-13OVK-2126-SM-6PAN1	Adipose_Subcutaneous
GTEX-13OVL-0326-SM-5IJCS	Adipose_Subcutaneous
GTEX-13OW6-0526-SM-5L3HY	Adipose_Subcutaneous
GTEX-13OW7-0226-SM-5MR3N	Adipose_Subcutaneous
GTEX-13OW8-1226-SM-5K7XD	Adipose_Subcutaneous
GTEX-13PDP-0226-SM-5K7W9	Adipose_Subcutaneous
GTEX-13PLJ-0126-SM-5L3HU	Adipose_Subcutaneous
GTEX-13PVQ-0226-SM-5SIBG	Adipose_Subcutaneous
GTEX-13PVR-2426-SM-5RQHN	Adipose_Subcutaneous
GTEX-13QBU-2526-SM-5LU4X	Adipose_Subcutaneous
GTEX-13QJ3-0426-SM-5RQHP	Adipose_Subcutaneous
GTEX-13RTJ-2526-SM-5S2Q3	Adipose_Subcutaneous
GTEX-13S7M-0226-SM-5S2UG	Adipose_Subcutaneous
GTEX-13SLW-0226-SM-5S2NA	Adipose_Subcutaneous
GTEX-13SLX-0426-SM-5QGRC	Adipose_Subcutaneous
GTEX-13U4I-0226-SM-5SIB1	Adipose_Subcutaneous
GTEX-13VXT-0226-SM-5LU9Q	Adipose_Subcutaneous
GTEX-13VXU-0226-SM-5SI9R	Adipose_Subcutaneous
GTEX-13W3W-2526-SM-5SI9P	Adipose_Subcutaneous
GTEX-13X6J-0226-SM-7EPGC	Adipose_Subcutaneous
GTEX-13X6K-0226-SM-5QGPB	Adipose_Subcutaneous
GTEX-13YAN-0426-SM-5O9DR	Adipose_Subcutaneous
GTEX-144FL-0226-SM-5Q5D4	Adipose_Subcutaneous
GTEX-144GL-0226-SM-5QGOX	Adipose_Subcutaneous
GTEX-144GM-1926-SM-5LUAN	Adipose_Subcutaneous
GTEX-144GO-1626-SM-7EPG5	Adipose_Subcutaneous
GTEX-145LS-0226-SM-5O9A5	Adipose_Subcutaneous
GTEX-145LT-1826-SM-5QGP4	Adipose_Subcutaneous
GTEX-145ME-1926-SM-5MR6T	Adipose_Subcutaneous
GTEX-145MF-0526-SM-5LUA6	Adipose_Subcutaneous
GTEX-145MG-0126-SM-5TDDA	Adipose_Subcutaneous
GTEX-145MI-0426-SM-5O99V	Adipose_Subcutaneous
GTEX-145MN-2626-SM-5NQAH	Adipose_Subcutaneous
GTEX-145MO-0426-SM-5QGP6	Adipose_Subcutaneous
GTEX-146FH-0226-SM-5QGPQ	Adipose_Subcutaneous
GTEX-146FQ-0226-SM-5NQAL	Adipose_Subcutaneous
GTEX-146FR-1826-SM-5QGPF	Adipose_Subcutaneous
GTEX-14753-0326-SM-5QGQB	Adipose_Subcutaneous
GTEX-147F3-0626-SM-5NQ9I	Adipose_Subcutaneous
GTEX-147GR-0426-SM-5S2OL	Adipose_Subcutaneous
GTEX-147JS-0426-SM-5TDD2	Adipose_Subcutaneous
GTEX-148VI-1726-SM-5S2W9	Adipose_Subcutaneous
GTEX-1497J-2326-SM-5NQBK	Adipose_Subcutaneous
GTEX-14A5H-0526-SM-5TDCN	Adipose_Subcutaneous
GTEX-14ABY-0326-SM-5TDDK	Adipose_Subcutaneous
GTEX-14AS3-2026-SM-5TDD9	Adipose_Subcutaneous
GTEX-14BIL-0226-SM-5SI9E	Adipose_Subcutaneous
GTEX-14BIN-0726-SM-793DQ	Adipose_Subcutaneous
GTEX-14BMU-2126-SM-5S2TS	Adipose_Subcutaneous
GTEX-14BMV-0226-SM-5S2N2	Adipose_Subcutaneous
GTEX-14C39-2526-SM-5S2UH	Adipose_Subcutaneous
GTEX-14C5O-0226-SM-5SI6O	Adipose_Subcutaneous
GTEX-14DAQ-0226-SM-664MQ	Adipose_Subcutaneous
GTEX-14DAR-1926-SM-5S2NQ	Adipose_Subcutaneous
GTEX-14E1K-2126-SM-793DU	Adipose_Subcutaneous
GTEX-14E6C-0226-SM-5S2N3	Adipose_Subcutaneous
GTEX-14E6D-0226-SM-62LDW	Adipose_Subcutaneous
GTEX-14E6E-1926-SM-664N4	Adipose_Subcutaneous
GTEX-14H4A-1026-SM-62LDY	Adipose_Subcutaneous
GTEX-14ICK-0326-SM-6LLIZ	Adipose_Subcutaneous
GTEX-14ICL-2026-SM-62LDN	Adipose_Subcutaneous
GTEX-14JG1-0526-SM-6LLHW	Adipose_Subcutaneous
GTEX-14JG6-2326-SM-6LLH3	Adipose_Subcutaneous
GTEX-14JIY-0526-SM-62LFH	Adipose_Subcutaneous
GTEX-14LLW-0226-SM-62LEL	Adipose_Subcutaneous
GTEX-14PHX-2426-SM-62LEN	Adipose_Subcutaneous
GTEX-14PII-0326-SM-6LLIQ	Adipose_Subcutaneous
GTEX-14PJ2-0226-SM-6LLH4	Adipose_Subcutaneous
GTEX-14PJ3-1926-SM-62LEY	Adipose_Subcutaneous
GTEX-14PJ4-2226-SM-6LLIS	Adipose_Subcutaneous
GTEX-14PJ6-2226-SM-6LLIV	Adipose_Subcutaneous
GTEX-14PJM-0326-SM-62LF2	Adipose_Subcutaneous
GTEX-14PK6-2026-SM-6LLHP	Adipose_Subcutaneous
GTEX-14PN3-2526-SM-6EU15	Adipose_Subcutaneous
GTEX-15CHQ-0226-SM-6EU2S	Adipose_Subcutaneous
GTEX-15DCD-0226-SM-6LPKC	Adipose_Subcutaneous
GTEX-15DDE-0226-SM-6LLJ6	Adipose_Subcutaneous
GTEX-15ER7-0426-SM-6PAM3	Adipose_Subcutaneous
GTEX-15ETS-0426-SM-6PANI	Adipose_Subcutaneous
GTEX-15G19-0226-SM-6PAL2	Adipose_Subcutaneous
GTEX-15RIE-2326-SM-7KFSC	Adipose_Subcutaneous
GTEX-15SDE-2426-SM-7KFRC	Adipose_Subcutaneous
GTEX-15UKP-0526-SM-7KFRO	Adipose_Subcutaneous
GTEX-169BO-1426-SM-9MQJT	Adipose_Subcutaneous
GTEX-16AAH-2026-SM-7LG5F	Adipose_Subcutaneous
GTEX-16BQI-0526-SM-6PAM8	Adipose_Subcutaneous
GTEX-16GPK-0226-SM-7DUFI	Adipose_Subcutaneous
GTEX-16MT8-0526-SM-6PAM6	Adipose_Subcutaneous
GTEX-16MTA-2126-SM-6PALC	Adipose_Subcutaneous
GTEX-16NGA-1826-SM-7LG5L	Adipose_Subcutaneous
GTEX-16NPX-0326-SM-7EWDI	Adipose_Subcutaneous
GTEX-16XZY-2526-SM-7DHL2	Adipose_Subcutaneous
GTEX-16XZZ-0226-SM-7MGVJ	Adipose_Subcutaneous
GTEX-16YQH-0226-SM-6PALD	Adipose_Subcutaneous
GTEX-17EUY-0526-SM-7EWDE	Adipose_Subcutaneous
GTEX-17EVP-0426-SM-79OKG	Adipose_Subcutaneous
GTEX-17F96-1726-SM-7IGMB	Adipose_Subcutaneous
GTEX-17F97-0426-SM-7LT9U	Adipose_Subcutaneous
GTEX-17F98-1126-SM-79OJS	Adipose_Subcutaneous
GTEX-17F9Y-0326-SM-7IGLS	Adipose_Subcutaneous
GTEX-17HG3-2326-SM-79OKH	Adipose_Subcutaneous
GTEX-17HGU-0326-SM-7DUER	Adipose_Subcutaneous
GTEX-17HHE-1926-SM-7EPGW	Adipose_Subcutaneous
GTEX-17HHY-0226-SM-793BQ	Adipose_Subcutaneous
GTEX-17HII-0326-SM-7LG4X	Adipose_Subcutaneous
GTEX-17KNJ-2226-SM-DKPOU	Adipose_Subcutaneous
GTEX-17MF6-0226-SM-7LG4G	Adipose_Subcutaneous
GTEX-17MFQ-1826-SM-7DHLS	Adipose_Subcutaneous
GTEX-183FY-0326-SM-793BY	Adipose_Subcutaneous
GTEX-183WM-0226-SM-7LT8T	Adipose_Subcutaneous
GTEX-18465-0226-SM-7LG5M	Adipose_Subcutaneous
GTEX-18A66-0326-SM-718BE	Adipose_Subcutaneous
GTEX-18A67-0226-SM-7LG67	Adipose_Subcutaneous
GTEX-18A6Q-0226-SM-718AS	Adipose_Subcutaneous
GTEX-18A7A-0326-SM-731AT	Adipose_Subcutaneous
GTEX-18D9A-2026-SM-718BL	Adipose_Subcutaneous
GTEX-18D9U-0726-SM-7LG5J	Adipose_Subcutaneous
GTEX-18QFQ-0226-SM-731BQ	Adipose_Subcutaneous
GTEX-1A32A-0226-SM-718B2	Adipose_Subcutaneous
GTEX-1A3MV-2126-SM-718BV	Adipose_Subcutaneous
GTEX-1A3MW-0226-SM-7939O	Adipose_Subcutaneous
GTEX-1A3MX-0226-SM-731C4	Adipose_Subcutaneous
GTEX-1A8FM-0126-SM-7SB7P	Adipose_Subcutaneous
GTEX-1A8G6-0526-SM-7PC1E	Adipose_Subcutaneous
GTEX-1A8G7-0226-SM-731AS	Adipose_Subcutaneous
GTEX-1AMEY-1426-SM-7939I	Adipose_Subcutaneous
GTEX-1AMFI-2126-SM-731BT	Adipose_Subcutaneous
GTEX-1AX9I-0226-SM-7SB75	Adipose_Subcutaneous
GTEX-1AX9J-0326-SM-73KXY	Adipose_Subcutaneous
GTEX-1AX9K-2426-SM-73KZ4	Adipose_Subcutaneous
GTEX-1AYCT-2226-SM-7SB98	Adipose_Subcutaneous
GTEX-1AYD5-2326-SM-73KXF	Adipose_Subcutaneous
GTEX-1B8KE-2526-SM-73KYQ	Adipose_Subcutaneous
GTEX-1B8KZ-1926-SM-7DUG8	Adipose_Subcutaneous
GTEX-1B8L1-2626-SM-7SB77	Adipose_Subcutaneous
GTEX-1B8SF-0526-SM-7939F	Adipose_Subcutaneous
GTEX-1B8SG-0226-SM-7939Q	Adipose_Subcutaneous
GTEX-1B932-0226-SM-7PBYH	Adipose_Subcutaneous
GTEX-1B933-0526-SM-7EPHM	Adipose_Subcutaneous
GTEX-1B97I-1726-SM-7939V	Adipose_Subcutaneous
GTEX-1B996-0126-SM-7PBYF	Adipose_Subcutaneous
GTEX-1BAJH-0426-SM-73KWY	Adipose_Subcutaneous
GTEX-1C2JI-2226-SM-7IGPJ	Adipose_Subcutaneous
GTEX-1C475-1926-SM-7DUFV	Adipose_Subcutaneous
GTEX-1C4CL-0426-SM-7939N	Adipose_Subcutaneous
GTEX-1C64O-0226-SM-73KXB	Adipose_Subcutaneous
GTEX-1C6VQ-0226-SM-7P8S5	Adipose_Subcutaneous
GTEX-1C6VR-2626-SM-7MGX2	Adipose_Subcutaneous
GTEX-1C6VS-0426-SM-79OJV	Adipose_Subcutaneous
GTEX-1C6WA-0226-SM-7IGPO	Adipose_Subcutaneous
GTEX-1CAMQ-0126-SM-7SB7S	Adipose_Subcutaneous
GTEX-1CAMR-1826-SM-7MXUJ	Adipose_Subcutaneous
GTEX-1CAMS-0326-SM-7PC35	Adipose_Subcutaneous
GTEX-1CB4E-1826-SM-7RHG8	Adipose_Subcutaneous
GTEX-1CB4F-0526-SM-9KNW2	Adipose_Subcutaneous
GTEX-1CB4G-0326-SM-7SB8R	Adipose_Subcutaneous
GTEX-1CB4H-0326-SM-9WG5G	Adipose_Subcutaneous
GTEX-1CB4I-0426-SM-7IGPR	Adipose_Subcutaneous
GTEX-1CB4J-1126-SM-7PBY1	Adipose_Subcutaneous
GTEX-1E1VI-0226-SM-793CZ	Adipose_Subcutaneous
GTEX-1E2YA-0226-SM-9MQLY	Adipose_Subcutaneous
GTEX-1EH9U-0226-SM-7PBY8	Adipose_Subcutaneous
GTEX-1EKGG-0126-SM-9YFLS	Adipose_Subcutaneous
GTEX-1EMGI-0226-SM-9MQL1	Adipose_Subcutaneous
GTEX-1EU9M-0326-SM-7RHGF	Adipose_Subcutaneous
GTEX-1EWIQ-0226-SM-793D3	Adipose_Subcutaneous
GTEX-1EX96-1426-SM-7PBZ5	Adipose_Subcutaneous
GTEX-1F48J-0226-SM-7SB82	Adipose_Subcutaneous
GTEX-1F52S-0226-SM-7SB7U	Adipose_Subcutaneous
GTEX-1F5PK-2526-SM-9MQKN	Adipose_Subcutaneous
GTEX-1F6I4-0226-SM-9MQMA	Adipose_Subcutaneous
GTEX-1F6RS-0226-SM-9MQKO	Adipose_Subcutaneous
GTEX-1F75A-0226-SM-7PC2K	Adipose_Subcutaneous
GTEX-1F75I-0426-SM-7PC3S	Adipose_Subcutaneous
GTEX-1F75W-0226-SM-9JGGP	Adipose_Subcutaneous
GTEX-1F88E-0526-SM-7SB8J	Adipose_Subcutaneous
GTEX-1F88F-2626-SM-9WG5K	Adipose_Subcutaneous
GTEX-1FIGZ-1626-SM-7SB8L	Adipose_Subcutaneous
GTEX-1GF9V-0226-SM-9MQKA	Adipose_Subcutaneous
GTEX-1GF9X-1926-SM-ADEIC	Adipose_Subcutaneous
GTEX-1GMR2-2526-SM-9MQKW	Adipose_Subcutaneous
GTEX-1GMR3-2026-SM-9MQLG	Adipose_Subcutaneous
GTEX-1GMR8-0226-SM-9YFL3	Adipose_Subcutaneous
GTEX-1GMRU-0226-SM-9YFLW	Adipose_Subcutaneous
GTEX-1GN1U-0226-SM-9YFLQ	Adipose_Subcutaneous
GTEX-1GN1V-0226-SM-9WYTN	Adipose_Subcutaneous
GTEX-1GN1W-0626-SM-9MQK3	Adipose_Subcutaneous
GTEX-1GN2E-0326-SM-COH3C	Adipose_Subcutaneous
GTEX-1GN73-0326-SM-9KNTW	Adipose_Subcutaneous
GTEX-1GPI7-0226-SM-9MQKB	Adipose_Subcutaneous
GTEX-1GTWX-0226-SM-9YFLL	Adipose_Subcutaneous
GTEX-1GZ2Q-0326-SM-9WG6N	Adipose_Subcutaneous
GTEX-1GZ4H-1826-SM-9MQLE	Adipose_Subcutaneous
GTEX-1GZ4I-0226-SM-7RHHO	Adipose_Subcutaneous
GTEX-1H1CY-2626-SM-9MQKJ	Adipose_Subcutaneous
GTEX-1H1DE-2026-SM-9WG6Q	Adipose_Subcutaneous
GTEX-1H1DF-0226-SM-ARL9A	Adipose_Subcutaneous
GTEX-1H1E6-2026-SM-9KNVK	Adipose_Subcutaneous
GTEX-1H1ZS-0526-SM-9WG5L	Adipose_Subcutaneous
GTEX-1H23P-0226-SM-9YFLO	Adipose_Subcutaneous
GTEX-1H2FU-0226-SM-9YFKO	Adipose_Subcutaneous
GTEX-1H3O1-0526-SM-9MQLS	Adipose_Subcutaneous
GTEX-1H3VE-0226-SM-9WYST	Adipose_Subcutaneous
GTEX-1H3VY-0226-SM-9YFMF	Adipose_Subcutaneous
GTEX-1H4P4-0226-SM-9YFKT	Adipose_Subcutaneous
GTEX-1HB9E-0426-SM-CNPPV	Adipose_Subcutaneous
GTEX-1HBPH-0526-SM-9YFMN	Adipose_Subcutaneous
GTEX-1HBPI-1426-SM-B2LW7	Adipose_Subcutaneous
GTEX-1HBPM-0326-SM-CMKGR	Adipose_Subcutaneous
GTEX-1HCU6-0226-SM-CGQES	Adipose_Subcutaneous
GTEX-1HCU7-0326-SM-CMKGI	Adipose_Subcutaneous
GTEX-1HCU8-0726-SM-ADEIR	Adipose_Subcutaneous
GTEX-1HCUA-2226-SM-ADEHF	Adipose_Subcutaneous
GTEX-1HCVE-0226-SM-CGQEV	Adipose_Subcutaneous
GTEX-1HFI6-0326-SM-ADEI5	Adipose_Subcutaneous
GTEX-1HFI7-2026-SM-CGQFR	Adipose_Subcutaneous
GTEX-1HGF4-2526-SM-ADEIZ	Adipose_Subcutaneous
GTEX-1HR98-0226-SM-CGQEK	Adipose_Subcutaneous
GTEX-1HR9M-0226-SM-COH3E	Adipose_Subcutaneous
GTEX-1HSEH-0226-SM-ACKVV	Adipose_Subcutaneous
GTEX-1HSGN-0126-SM-CGQFU	Adipose_Subcutaneous
GTEX-1HSKV-0326-SM-ADEJC	Adipose_Subcutaneous
GTEX-1HSMO-0226-SM-CGQEZ	Adipose_Subcutaneous
GTEX-1HSMP-0226-SM-CGQFI	Adipose_Subcutaneous
GTEX-1HSMQ-1426-SM-ADEHT	Adipose_Subcutaneous
GTEX-1HT8W-0226-SM-CMKGT	Adipose_Subcutaneous
GTEX-1HUB1-0326-SM-A9SKQ	Adipose_Subcutaneous
GTEX-1I19N-0426-SM-ACKVY	Adipose_Subcutaneous
GTEX-1I1CD-0226-SM-CM2TL	Adipose_Subcutaneous
GTEX-1I1GP-2326-SM-CGQFL	Adipose_Subcutaneous
GTEX-1I1GQ-0226-SM-COH3I	Adipose_Subcutaneous
GTEX-1I1GR-0226-SM-CMKHQ	Adipose_Subcutaneous
GTEX-1I1GS-0226-SM-B2LVX	Adipose_Subcutaneous
GTEX-1I1GT-0526-SM-CGQEQ	Adipose_Subcutaneous
GTEX-1I1GU-2326-SM-CGQFB	Adipose_Subcutaneous
GTEX-1I1GV-0426-SM-ARZLX	Adipose_Subcutaneous
GTEX-1I1HK-0226-SM-COH4A	Adipose_Subcutaneous
GTEX-1I4MK-2026-SM-B2LVR	Adipose_Subcutaneous
GTEX-1I6K6-0226-SM-ADEID	Adipose_Subcutaneous
GTEX-1I6K7-0226-SM-CJI46	Adipose_Subcutaneous
GTEX-1ICG6-2626-SM-CGQG1	Adipose_Subcutaneous
GTEX-1ICLY-0226-SM-ARL7R	Adipose_Subcutaneous
GTEX-1ICLZ-0226-SM-CKZPP	Adipose_Subcutaneous
GTEX-1IDFM-0226-SM-CMKFX	Adipose_Subcutaneous
GTEX-1IDJD-1226-SM-CM2TP	Adipose_Subcutaneous
GTEX-1IDJF-0226-SM-CMKGE	Adipose_Subcutaneous
GTEX-1IDJU-2526-SM-CMKGF	Adipose_Subcutaneous
GTEX-1IE54-0226-SM-CMKHX	Adipose_Subcutaneous
GTEX-1IGQW-0226-SM-COH43	Adipose_Subcutaneous
GTEX-1IKJJ-0226-SM-COH3T	Adipose_Subcutaneous
GTEX-1IKK5-0526-SM-CMKGG	Adipose_Subcutaneous
GTEX-1IL2U-0326-SM-CE6T9	Adipose_Subcutaneous
GTEX-1IL2V-0226-SM-CMKI2	Adipose_Subcutaneous
GTEX-1IOXB-0226-SM-CMKHY	Adipose_Subcutaneous
GTEX-1IY9M-0226-SM-CMKHP	Adipose_Subcutaneous
GTEX-1J1OQ-0326-SM-CYPTJ	Adipose_Subcutaneous
GTEX-1J1R8-2226-SM-ARZMP	Adipose_Subcutaneous
GTEX-1J8EW-0226-SM-CYPSW	Adipose_Subcutaneous
GTEX-1J8JJ-0326-SM-CMKG6	Adipose_Subcutaneous
GTEX-1J8Q3-1526-SM-CMKGB	Adipose_Subcutaneous
GTEX-1J8QM-2326-SM-CYPSL	Adipose_Subcutaneous
GTEX-1JJ6O-0226-SM-E6CI9	Adipose_Subcutaneous
GTEX-1JJE9-1226-SM-CNPOI	Adipose_Subcutaneous
GTEX-1JJEA-0226-SM-COH2X	Adipose_Subcutaneous
GTEX-1JK1U-2126-SM-CNPOU	Adipose_Subcutaneous
GTEX-1JKYN-1226-SM-CGQG8	Adipose_Subcutaneous
GTEX-1JKYR-0226-SM-CNPOK	Adipose_Subcutaneous
GTEX-1JMLX-0126-SM-CMKG9	Adipose_Subcutaneous
GTEX-1JMPY-1426-SM-ARL8Z	Adipose_Subcutaneous
GTEX-1JMQI-2026-SM-CMKGP	Adipose_Subcutaneous
GTEX-1JMQK-0126-SM-CM2S3	Adipose_Subcutaneous
GTEX-1JMQL-0326-SM-CNPP6	Adipose_Subcutaneous
GTEX-1JN1M-0126-SM-D4P23	Adipose_Subcutaneous
GTEX-1JN6P-0226-SM-COH34	Adipose_Subcutaneous
GTEX-1JN76-0226-SM-CMKGO	Adipose_Subcutaneous
GTEX-1K2DA-2126-SM-CGQGL	Adipose_Subcutaneous
GTEX-1K9T9-0226-SM-E9U6K	Adipose_Subcutaneous
GTEX-1KAFJ-2426-SM-D4P32	Adipose_Subcutaneous
GTEX-1KANA-0826-SM-D3L9J	Adipose_Subcutaneous
GTEX-1KD5A-0326-SM-D5OVD	Adipose_Subcutaneous
GTEX-1KWVE-1326-SM-E6CJ1	Adipose_Subcutaneous
GTEX-1KXAM-2326-SM-CYPTD	Adipose_Subcutaneous
GTEX-1L5NE-2626-SM-E9U6P	Adipose_Subcutaneous
GTEX-1LB8K-0326-SM-E9TJC	Adipose_Subcutaneous
GTEX-1LBAC-0226-SM-DHXJZ	Adipose_Subcutaneous
GTEX-1LG7Y-0426-SM-DKPQB	Adipose_Subcutaneous
GTEX-1LG7Z-2026-SM-DLHBP	Adipose_Subcutaneous
GTEX-1LGOU-2226-SM-E9U56	Adipose_Subcutaneous
GTEX-1LGRB-2426-SM-CNPP3	Adipose_Subcutaneous
GTEX-1LH75-2526-SM-E9U5A	Adipose_Subcutaneous
GTEX-1LSNL-0526-SM-DIPFI	Adipose_Subcutaneous
GTEX-1LSNM-2026-SM-E6CIJ	Adipose_Subcutaneous
GTEX-1LSVX-0126-SM-EVYCY	Adipose_Subcutaneous
GTEX-1LVA9-0226-SM-E9U5N	Adipose_Subcutaneous
GTEX-1LVAN-0126-SM-COH4H	Adipose_Subcutaneous
GTEX-1LVAO-0226-SM-E9U6O	Adipose_Subcutaneous
GTEX-1M5QR-2126-SM-DKPQM	Adipose_Subcutaneous
GTEX-1MA7W-1926-SM-E6CIO	Adipose_Subcutaneous
GTEX-1MA7X-2126-SM-E6CIX	Adipose_Subcutaneous
GTEX-1MCC2-2326-SM-E9U5G	Adipose_Subcutaneous
GTEX-1MCYP-1826-SM-E9J2Q	Adipose_Subcutaneous
GTEX-1MGNQ-0226-SM-EVYCK	Adipose_Subcutaneous
GTEX-1MJK2-0526-SM-DTXE6	Adipose_Subcutaneous
GTEX-1MUQO-0526-SM-E9J31	Adipose_Subcutaneous
GTEX-1N2DW-0326-SM-E9TK3	Adipose_Subcutaneous
GTEX-1N2EF-0626-SM-E9J32	Adipose_Subcutaneous
GTEX-1NHNU-1126-SM-E9J2C	Adipose_Subcutaneous
GTEX-1OFPY-2326-SM-E8VNU	Adipose_Subcutaneous
GTEX-1OJC4-1726-SM-EXUSV	Adipose_Subcutaneous
GTEX-1PBJI-0426-SM-E8VNM	Adipose_Subcutaneous
GTEX-1PDJ9-0426-SM-E9J3E	Adipose_Subcutaneous
GTEX-1PFEY-1626-SM-E9J3M	Adipose_Subcutaneous
GTEX-1PIGE-0526-SM-DTXFA	Adipose_Subcutaneous
GTEX-1PIIG-0326-SM-EVYBV	Adipose_Subcutaneous
GTEX-1POEN-0226-SM-EYYXE	Adipose_Subcutaneous
GTEX-1PPGY-0326-SM-DTXFD	Adipose_Subcutaneous
GTEX-1PPH8-0626-SM-EWRN9	Adipose_Subcutaneous
GTEX-1PWST-0326-SM-EAZ42	Adipose_Subcutaneous
GTEX-1QAET-1126-SM-E8VML	Adipose_Subcutaneous
GTEX-1QCLY-0526-SM-EAZ47	Adipose_Subcutaneous
GTEX-1QEPI-0226-SM-EWRMR	Adipose_Subcutaneous
GTEX-1QP28-0226-SM-E9J2N	Adipose_Subcutaneous
GTEX-1QP29-0726-SM-DTXFM	Adipose_Subcutaneous
GTEX-1QP2A-0226-SM-EVYBC	Adipose_Subcutaneous
GTEX-1QP66-1326-SM-DTXDQ	Adipose_Subcutaneous
GTEX-1QP67-1726-SM-E8VOP	Adipose_Subcutaneous
GTEX-1QP6S-0126-SM-E9J4K	Adipose_Subcutaneous
GTEX-1QP9N-1526-SM-DTXFK	Adipose_Subcutaneous
GTEX-1QPFJ-0126-SM-E9J4B	Adipose_Subcutaneous
GTEX-1QW4Y-1626-SM-EAZ41	Adipose_Subcutaneous
GTEX-1R46S-0526-SM-EVYBZ	Adipose_Subcutaneous
GTEX-1R7EU-0326-SM-EWRNJ	Adipose_Subcutaneous
GTEX-1R7EV-1926-SM-EVYBF	Adipose_Subcutaneous
GTEX-1R9K5-0226-SM-EWRNF	Adipose_Subcutaneous
GTEX-1R9PM-2126-SM-E8VOB	Adipose_Subcutaneous
GTEX-1RAZA-0226-SM-E9U4W	Adipose_Subcutaneous
GTEX-1RAZQ-0626-SM-E8VOR	Adipose_Subcutaneous
GTEX-1RAZR-0226-SM-EVYC6	Adipose_Subcutaneous
GTEX-1RDX4-0226-SM-DTXG1	Adipose_Subcutaneous
GTEX-1RQEC-0526-SM-E6CHV	Adipose_Subcutaneous
GTEX-1S5ZU-0226-SM-E6CHW	Adipose_Subcutaneous
GTEX-1S82P-0226-SM-E6CI6	Adipose_Subcutaneous
GTEX-1S831-0326-SM-EVYD3	Adipose_Subcutaneous
GTEX-1S83E-0226-SM-EVYCW	Adipose_Subcutaneous
GTEX-N7MS-0326-SM-4E3K2	Adipose_Subcutaneous
GTEX-NFK9-0326-SM-3MJGV	Adipose_Subcutaneous
GTEX-NPJ8-0226-SM-48TBN	Adipose_Subcutaneous
GTEX-O5YT-0226-SM-32PK5	Adipose_Subcutaneous
GTEX-O5YV-0226-SM-48TBY	Adipose_Subcutaneous
GTEX-OHPK-0226-SM-3MJH6	Adipose_Subcutaneous
GTEX-OHPM-0226-SM-3LK61	Adipose_Subcutaneous
GTEX-OHPN-0226-SM-48TBV	Adipose_Subcutaneous
GTEX-OIZF-0226-SM-E9TI3	Adipose_Subcutaneous
GTEX-OIZG-0826-SM-E9TI4	Adipose_Subcutaneous
GTEX-OIZH-0226-SM-2YUMH	Adipose_Subcutaneous
GTEX-OIZI-0226-SM-2XCEE	Adipose_Subcutaneous
GTEX-OOBJ-0226-SM-2YUMM	Adipose_Subcutaneous
GTEX-OOBK-0226-SM-2YUMF	Adipose_Subcutaneous
GTEX-OXRK-0326-SM-3NB3R	Adipose_Subcutaneous
GTEX-OXRL-0226-SM-3NB18	Adipose_Subcutaneous
GTEX-OXRN-0226-SM-2I5EJ	Adipose_Subcutaneous
GTEX-OXRO-0226-SM-3LK6F	Adipose_Subcutaneous
GTEX-OXRP-0226-SM-3NB14	Adipose_Subcutaneous
GTEX-P44G-2326-SM-2XCCZ	Adipose_Subcutaneous
GTEX-P44H-0326-SM-2XCES	Adipose_Subcutaneous
GTEX-P4PP-0226-SM-D4P1Z	Adipose_Subcutaneous
GTEX-P4PQ-0226-SM-2S1NK	Adipose_Subcutaneous
GTEX-P4QS-0226-SM-3NB1U	Adipose_Subcutaneous
GTEX-P4QT-0226-SM-3LK68	Adipose_Subcutaneous
GTEX-P78B-0226-SM-3NB1Z	Adipose_Subcutaneous
GTEX-PLZ4-0226-SM-CYPR1	Adipose_Subcutaneous
GTEX-PLZ5-1826-SM-3NB22	Adipose_Subcutaneous
GTEX-PLZ6-1326-SM-3NB24	Adipose_Subcutaneous
GTEX-POMQ-2326-SM-DHXIS	Adipose_Subcutaneous
GTEX-POYW-0726-SM-2XCEO	Adipose_Subcutaneous
GTEX-PSDG-0326-SM-48TCP	Adipose_Subcutaneous
GTEX-PWCY-1926-SM-3NB25	Adipose_Subcutaneous
GTEX-PWN1-0226-SM-DKPO9	Adipose_Subcutaneous
GTEX-PX3G-0226-SM-DKPOF	Adipose_Subcutaneous
GTEX-Q2AG-0226-SM-2S1P4	Adipose_Subcutaneous
GTEX-Q2AH-1726-SM-DIPDV	Adipose_Subcutaneous
GTEX-Q2AI-1426-SM-2S1P5	Adipose_Subcutaneous
GTEX-Q734-1826-SM-2I3EL	Adipose_Subcutaneous
GTEX-QCQG-1826-SM-2S1P2	Adipose_Subcutaneous
GTEX-QDT8-0226-SM-32PL4	Adipose_Subcutaneous
GTEX-QDVJ-1826-SM-2S1P3	Adipose_Subcutaneous
GTEX-QDVN-2126-SM-33HBS	Adipose_Subcutaneous
GTEX-QEG4-0326-SM-DIPE3	Adipose_Subcutaneous
GTEX-QEG5-0326-SM-2S1PB	Adipose_Subcutaneous
GTEX-QEL4-0326-SM-3GAE5	Adipose_Subcutaneous
GTEX-QESD-1526-SM-2S1QT	Adipose_Subcutaneous
GTEX-QLQ7-1526-SM-2S1QA	Adipose_Subcutaneous
GTEX-QLQW-1226-SM-2S1Q9	Adipose_Subcutaneous
GTEX-QMRM-1726-SM-2S1QG	Adipose_Subcutaneous
GTEX-QV31-1326-SM-2S1QE	Adipose_Subcutaneous
GTEX-QV44-1825-SM-447CF	Adipose_Subcutaneous
GTEX-R3RS-0226-SM-EYYVE	Adipose_Subcutaneous
GTEX-R45C-0226-SM-EVYAJ	Adipose_Subcutaneous
GTEX-R53T-1626-SM-3GAEW	Adipose_Subcutaneous
GTEX-R55C-1626-SM-48FEG	Adipose_Subcutaneous
GTEX-R55D-0326-SM-48FES	Adipose_Subcutaneous
GTEX-R55G-2426-SM-2TC5I	Adipose_Subcutaneous
GTEX-REY6-0326-SM-2TF5A	Adipose_Subcutaneous
GTEX-RM2N-1726-SM-2TF55	Adipose_Subcutaneous
GTEX-RNOR-0226-SM-EZ6MF	Adipose_Subcutaneous
GTEX-RTLS-0226-SM-2TF5E	Adipose_Subcutaneous
GTEX-RU72-1026-SM-46MUG	Adipose_Subcutaneous
GTEX-RUSQ-1626-SM-EZ6L4	Adipose_Subcutaneous
GTEX-RVPV-1526-SM-EXOHF	Adipose_Subcutaneous
GTEX-RWSA-0226-SM-2XCBA	Adipose_Subcutaneous
GTEX-S32W-2226-SM-2XCAY	Adipose_Subcutaneous
GTEX-S33H-1126-SM-2XCB6	Adipose_Subcutaneous
GTEX-S4P3-1526-SM-E9J3W	Adipose_Subcutaneous
GTEX-S7SE-0226-SM-2XCD4	Adipose_Subcutaneous
GTEX-S95S-1326-SM-2XCDK	Adipose_Subcutaneous
GTEX-SIU8-0226-SM-2XCDS	Adipose_Subcutaneous
GTEX-SJXC-0226-SM-2XCDU	Adipose_Subcutaneous
GTEX-SN8G-0226-SM-4DM6B	Adipose_Subcutaneous
GTEX-SNMC-1326-SM-2XCFK	Adipose_Subcutaneous
GTEX-SNOS-1426-SM-32PLY	Adipose_Subcutaneous
GTEX-SSA3-0226-SM-32QPN	Adipose_Subcutaneous
GTEX-SUCS-1826-SM-32PM1	Adipose_Subcutaneous
GTEX-T2IS-0226-SM-32QPH	Adipose_Subcutaneous
GTEX-T5JC-0526-SM-32PM7	Adipose_Subcutaneous
GTEX-T5JW-1726-SM-3GADN	Adipose_Subcutaneous
GTEX-T6MN-0226-SM-32PMD	Adipose_Subcutaneous
GTEX-T6MO-1726-SM-33HB8	Adipose_Subcutaneous
GTEX-T8EM-1126-SM-3DB7D	Adipose_Subcutaneous
GTEX-TKQ1-1126-SM-4GIAZ	Adipose_Subcutaneous
GTEX-TML8-2026-SM-32QOP	Adipose_Subcutaneous
GTEX-TMZS-0226-SM-3DB9N	Adipose_Subcutaneous
GTEX-TSE9-0226-SM-3DB84	Adipose_Subcutaneous
GTEX-U3ZM-1026-SM-EZ6LD	Adipose_Subcutaneous
GTEX-U3ZN-2626-SM-3DB7T	Adipose_Subcutaneous
GTEX-U412-0526-SM-3DB9I	Adipose_Subcutaneous
GTEX-U4B1-1726-SM-3DB9F	Adipose_Subcutaneous
GTEX-U8XE-0426-SM-3DB91	Adipose_Subcutaneous
GTEX-UJHI-1626-SM-3DB9A	Adipose_Subcutaneous
GTEX-UTHO-0426-SM-CE6QU	Adipose_Subcutaneous
GTEX-VJWN-0226-SM-EZ6LF	Adipose_Subcutaneous
GTEX-VJYA-1326-SM-3GIJC	Adipose_Subcutaneous
GTEX-VUSG-2426-SM-4KKZG	Adipose_Subcutaneous
GTEX-VUSH-0226-SM-EXUQV	Adipose_Subcutaneous
GTEX-W5WG-2526-SM-4SOJ2	Adipose_Subcutaneous
GTEX-W5X1-2626-SM-4LMI8	Adipose_Subcutaneous
GTEX-WEY5-1926-SM-3GIL8	Adipose_Subcutaneous
GTEX-WFG7-2526-SM-EWRM5	Adipose_Subcutaneous
GTEX-WFG8-2326-SM-DIPDX	Adipose_Subcutaneous
GTEX-WFJO-1926-SM-3GILA	Adipose_Subcutaneous
GTEX-WFON-2226-SM-3TW8W	Adipose_Subcutaneous
GTEX-WH7G-2226-SM-3NMBN	Adipose_Subcutaneous
GTEX-WHPG-2126-SM-4M1ZM	Adipose_Subcutaneous
GTEX-WI4N-1126-SM-3LK7Q	Adipose_Subcutaneous
GTEX-WL46-0326-SM-3LK6Y	Adipose_Subcutaneous
GTEX-WVJS-0226-SM-4MVOU	Adipose_Subcutaneous
GTEX-WVLH-0226-SM-3MJG6	Adipose_Subcutaneous
GTEX-WY7C-2426-SM-3NB2V	Adipose_Subcutaneous
GTEX-WYJK-0226-SM-EYYV8	Adipose_Subcutaneous
GTEX-X15G-2326-SM-4PQZS	Adipose_Subcutaneous
GTEX-X261-0226-SM-3NMD2	Adipose_Subcutaneous
GTEX-X4EO-0426-SM-4QASA	Adipose_Subcutaneous
GTEX-X4LF-1726-SM-3NMBZ	Adipose_Subcutaneous
GTEX-X4XY-0326-SM-46MVZ	Adipose_Subcutaneous
GTEX-X5EB-2426-SM-4E3HX	Adipose_Subcutaneous
GTEX-X638-0226-SM-47JZ9	Adipose_Subcutaneous
GTEX-X88G-0226-SM-4GIE4	Adipose_Subcutaneous
GTEX-X8HC-0226-SM-4E3K1	Adipose_Subcutaneous
GTEX-XAJ8-0926-SM-47JXZ	Adipose_Subcutaneous
GTEX-XBEC-0326-SM-4AT4M	Adipose_Subcutaneous
GTEX-XBED-2326-SM-47JYR	Adipose_Subcutaneous
GTEX-XBEW-0726-SM-4QARX	Adipose_Subcutaneous
GTEX-XGQ4-2226-SM-4AT4Y	Adipose_Subcutaneous
GTEX-XK95-0426-SM-4AT4R	Adipose_Subcutaneous
GTEX-XLM4-0226-SM-4AT4N	Adipose_Subcutaneous
GTEX-XMD2-0226-SM-4WWEE	Adipose_Subcutaneous
GTEX-XMK1-2226-SM-4B673	Adipose_Subcutaneous
GTEX-XOT4-0226-SM-4B66Z	Adipose_Subcutaneous
GTEX-XPVG-2726-SM-4B66W	Adipose_Subcutaneous
GTEX-XQ3S-1626-SM-4WAYN	Adipose_Subcutaneous
GTEX-XQ8I-0526-SM-4BOPS	Adipose_Subcutaneous
GTEX-XUW1-0526-SM-4BOP3	Adipose_Subcutaneous
GTEX-XUYS-0226-SM-47JX1	Adipose_Subcutaneous
GTEX-XUZC-1826-SM-4BRVO	Adipose_Subcutaneous
GTEX-XV7Q-2626-SM-4BRVA	Adipose_Subcutaneous
GTEX-XXEK-2426-SM-4BRUS	Adipose_Subcutaneous
GTEX-XYKS-2726-SM-4E3IC	Adipose_Subcutaneous
GTEX-Y111-0226-SM-4SOIW	Adipose_Subcutaneous
GTEX-Y114-2326-SM-4TT7X	Adipose_Subcutaneous
GTEX-Y3I4-2226-SM-4TT7O	Adipose_Subcutaneous
GTEX-Y3IK-2526-SM-4WWDM	Adipose_Subcutaneous
GTEX-Y5V5-2426-SM-5IFJA	Adipose_Subcutaneous
GTEX-Y5V6-2526-SM-5IFJV	Adipose_Subcutaneous
GTEX-Y8E4-0726-SM-4WWFN	Adipose_Subcutaneous
GTEX-Y8E5-0226-SM-57WCM	Adipose_Subcutaneous
GTEX-Y8LW-1926-SM-4WWFZ	Adipose_Subcutaneous
GTEX-Y9LG-2026-SM-62LFS	Adipose_Subcutaneous
GTEX-YB5E-2126-SM-5IFI7	Adipose_Subcutaneous
GTEX-YB5K-2226-SM-4WWG1	Adipose_Subcutaneous
GTEX-YEC3-1226-SM-5IFI8	Adipose_Subcutaneous
GTEX-YEC4-2426-SM-57WFO	Adipose_Subcutaneous
GTEX-YECK-0226-SM-4W215	Adipose_Subcutaneous
GTEX-YF7O-2426-SM-5IFJL	Adipose_Subcutaneous
GTEX-YFC4-0226-SM-57WD2	Adipose_Subcutaneous
GTEX-YFCO-2026-SM-4W21Q	Adipose_Subcutaneous
GTEX-YJ89-0226-SM-4TT3Y	Adipose_Subcutaneous
GTEX-YJ8A-0526-SM-5IFHT	Adipose_Subcutaneous
GTEX-YJ8O-2426-SM-5HL7S	Adipose_Subcutaneous
GTEX-Z93S-0226-SM-5HL7R	Adipose_Subcutaneous
GTEX-Z93T-0226-SM-5HL5Z	Adipose_Subcutaneous
GTEX-Z9EW-1826-SM-5CVMA	Adipose_Subcutaneous
GTEX-ZAJG-0226-SM-5HL81	Adipose_Subcutaneous
GTEX-ZAK1-0226-SM-5CVMX	Adipose_Subcutaneous
GTEX-ZC5H-0126-SM-4WAYL	Adipose_Subcutaneous
GTEX-ZDTS-0226-SM-5HL7Q	Adipose_Subcutaneous
GTEX-ZDTT-2626-SM-5S2OP	Adipose_Subcutaneous
GTEX-ZDXO-2426-SM-5S2NJ	Adipose_Subcutaneous
GTEX-ZDYS-2126-SM-5S2P2	Adipose_Subcutaneous
GTEX-ZE7O-0226-SM-5S2N1	Adipose_Subcutaneous
GTEX-ZE9C-2826-SM-5S2MO	Adipose_Subcutaneous
GTEX-ZEX8-2326-SM-5S2MN	Adipose_Subcutaneous
GTEX-ZF28-0226-SM-5S2OE	Adipose_Subcutaneous
GTEX-ZF29-2226-SM-4WWB9	Adipose_Subcutaneous
GTEX-ZF3C-0226-SM-4WWB3	Adipose_Subcutaneous
GTEX-ZGAY-0626-SM-DO92E	Adipose_Subcutaneous
GTEX-ZLFU-2626-SM-DO91L	Adipose_Subcutaneous
GTEX-ZLV1-1826-SM-5FQU5	Adipose_Subcutaneous
GTEX-ZLWG-2226-SM-DO92V	Adipose_Subcutaneous
GTEX-ZP4G-2326-SM-57WEM	Adipose_Subcutaneous
GTEX-ZPCL-2126-SM-57WFZ	Adipose_Subcutaneous
GTEX-ZPIC-1826-SM-57WFE	Adipose_Subcutaneous
GTEX-ZPU1-2426-SM-4WWFM	Adipose_Subcutaneous
GTEX-ZQG8-1526-SM-5HL65	Adipose_Subcutaneous
GTEX-ZT9X-1926-SM-57WE7	Adipose_Subcutaneous
GTEX-ZTPG-0226-SM-5O99I	Adipose_Subcutaneous
GTEX-ZTSS-2026-SM-5987K	Adipose_Subcutaneous
GTEX-ZTX8-1526-SM-5N9GI	Adipose_Subcutaneous
GTEX-ZUA1-0226-SM-5NQ9Q	Adipose_Subcutaneous
GTEX-ZV68-0226-SM-59HJF	Adipose_Subcutaneous
GTEX-ZVE2-0326-SM-57WFC	Adipose_Subcutaneous
GTEX-ZVP2-1826-SM-5GU62	Adipose_Subcutaneous
GTEX-ZVT2-2226-SM-5NQ6P	Adipose_Subcutaneous
GTEX-ZVT4-0226-SM-51MSD	Adipose_Subcutaneous
GTEX-ZVTK-0526-SM-5GZWT	Adipose_Subcutaneous
GTEX-ZVZO-0226-SM-5A5LA	Adipose_Subcutaneous
GTEX-ZVZP-2326-SM-59HL4	Adipose_Subcutaneous
GTEX-ZXES-2026-SM-5NQ6R	Adipose_Subcutaneous
GTEX-ZXG5-0226-SM-59HJI	Adipose_Subcutaneous
GTEX-ZYFC-0326-SM-5NQ7H	Adipose_Subcutaneous
GTEX-ZYFD-0226-SM-5NQ86	Adipose_Subcutaneous
GTEX-ZYT6-0326-SM-7LG5R	Adipose_Subcutaneous
GTEX-ZYVF-0226-SM-5GIEG	Adipose_Subcutaneous
GTEX-ZYW4-0226-SM-5E44M	Adipose_Subcutaneous
GTEX-ZYY3-0226-SM-5E45M	Adipose_Subcutaneous
GTEX-ZZ64-1626-SM-5E43W	Adipose_Subcutaneous
GTEX-ZZPU-2726-SM-5NQ8O	Adipose_Subcutaneous
GTEX-11DXY-0526-SM-5EGGQ	Liver
GTEX-11DXZ-0126-SM-5EGGY	Liver
GTEX-11EQ9-0526-SM-5A5JZ	Liver
GTEX-11GSP-0626-SM-5986T	Liver
GTEX-11NUK-1226-SM-5P9GM	Liver
GTEX-11NV4-1326-SM-5HL6V	Liver
GTEX-11OF3-0726-SM-5BC4Z	Liver
GTEX-11TT1-1726-SM-5EQLJ	Liver
GTEX-11TUW-1726-SM-5BC5C	Liver
GTEX-11WQC-0726-SM-5EQMR	Liver
GTEX-11ZTS-1426-SM-5EQMM	Liver
GTEX-11ZUS-2526-SM-59872	Liver
GTEX-11ZVC-0726-SM-5FQT9	Liver
GTEX-1212Z-0226-SM-59HLF	Liver
GTEX-12696-0826-SM-5EGGE	Liver
GTEX-1269C-0626-SM-5FQSS	Liver
GTEX-12KS4-1326-SM-5LUB3	Liver
GTEX-12WSD-1426-SM-5GCN9	Liver
GTEX-12WSG-0626-SM-5FQTQ	Liver
GTEX-12WSI-0226-SM-5GCNA	Liver
GTEX-12WSL-0226-SM-5CVMJ	Liver
GTEX-12WSM-0726-SM-5GCOW	Liver
GTEX-12ZZZ-1326-SM-59HKW	Liver
GTEX-13112-1426-SM-5EGH8	Liver
GTEX-13113-1326-SM-5GCOI	Liver
GTEX-131XE-0326-SM-5LZVO	Liver
GTEX-131XH-0626-SM-5LZWH	Liver
GTEX-131YS-1626-SM-5HL6C	Liver
GTEX-132AR-0426-SM-5IFH8	Liver
GTEX-132NY-0926-SM-5P9G3	Liver
GTEX-1399R-1226-SM-5P9GF	Liver
GTEX-1399T-0826-SM-5IFES	Liver
GTEX-139TS-1426-SM-5IFJD	Liver
GTEX-139TU-0826-SM-5IJFG	Liver
GTEX-139YR-0226-SM-5IFEM	Liver
GTEX-13FLV-0326-SM-5N9DJ	Liver
GTEX-13FTW-1126-SM-5J2NV	Liver
GTEX-13FTZ-0726-SM-5IFFY	Liver
GTEX-13N11-0926-SM-5IJG2	Liver
GTEX-13N2G-0926-SM-5IFGJ	Liver
GTEX-13NYB-1026-SM-5IFH3	Liver
GTEX-13NZ9-1326-SM-5MR3V	Liver
GTEX-13NZB-0626-SM-5IFH6	Liver
GTEX-13O1R-2026-SM-5KM3N	Liver
GTEX-13O3O-1826-SM-5IFGW	Liver
GTEX-13OW6-2626-SM-5IFF2	Liver
GTEX-13PVQ-1526-SM-5IFEQ	Liver
GTEX-13PVR-0126-SM-5S2PY	Liver
GTEX-13QJC-0726-SM-5RQJK	Liver
GTEX-13SLX-1226-SM-5S2Q6	Liver
GTEX-13VXU-0926-SM-5IFFH	Liver
GTEX-13X6J-1826-SM-5TDCT	Liver
GTEX-144GL-1426-SM-79OMA	Liver
GTEX-144GM-1326-SM-5LU5E	Liver
GTEX-145LU-1326-SM-5LU9N	Liver
GTEX-145MF-0826-SM-5QGQA	Liver
GTEX-145MO-2326-SM-5NQ9K	Liver
GTEX-146FH-1526-SM-5NQBU	Liver
GTEX-14753-1626-SM-5NQ9L	Liver
GTEX-147F4-1426-SM-5LUA8	Liver
GTEX-147GR-1326-SM-7IGLB	Liver
GTEX-147JS-1126-SM-5RQIW	Liver
GTEX-148VI-0626-SM-5TDDH	Liver
GTEX-1497J-0726-SM-5Q5D1	Liver
GTEX-14A5I-1726-SM-5QGQ5	Liver
GTEX-14AS3-0126-SM-5Q5F4	Liver
GTEX-14BIL-1326-SM-79OMR	Liver
GTEX-14C38-1526-SM-5RQJ7	Liver
GTEX-14DAQ-1726-SM-5S2R2	Liver
GTEX-14E1K-0326-SM-5S2PE	Liver
GTEX-14E7W-1526-SM-6871X	Liver
GTEX-14JG1-1626-SM-664NH	Liver
GTEX-14PHX-0526-SM-664NW	Liver
GTEX-14PJO-1726-SM-68719	Liver
GTEX-14XAO-0226-SM-68728	Liver
GTEX-15DYW-1326-SM-6LPIV	Liver
GTEX-15ER7-1826-SM-6LLI7	Liver
GTEX-15RJ7-2026-SM-6LPJ4	Liver
GTEX-15RJE-1126-SM-6LPI5	Liver
GTEX-15SHU-1826-SM-7KUKS	Liver
GTEX-15SZO-1226-SM-6LPIP	Liver
GTEX-17EVP-1026-SM-7IGOZ	Liver
GTEX-17F96-1226-SM-79OK2	Liver
GTEX-17HGU-1826-SM-7IGQM	Liver
GTEX-17HHE-0126-SM-79398	Liver
GTEX-17HII-1026-SM-7IGLY	Liver
GTEX-17MF6-1126-SM-7DUFS	Liver
GTEX-18465-1626-SM-7LG6N	Liver
GTEX-18A66-2026-SM-7189C	Liver
GTEX-18A6Q-2026-SM-718AQ	Liver
GTEX-18A7A-1526-SM-72D69	Liver
GTEX-18D9B-1526-SM-7KFRK	Liver
GTEX-1A32A-0826-SM-72D5C	Liver
GTEX-1A8FM-1226-SM-7IGMD	Liver
GTEX-1A8G7-1126-SM-731ED	Liver
GTEX-1AMFI-0826-SM-731DV	Liver
GTEX-1AX8Z-1026-SM-7189R	Liver
GTEX-1AX9I-1626-SM-72D5D	Liver
GTEX-1B8L1-0726-SM-7P8RT	Liver
GTEX-1B8SG-1326-SM-79ONT	Liver
GTEX-1B932-1426-SM-793AN	Liver
GTEX-1B933-1226-SM-731DW	Liver
GTEX-1B996-1426-SM-7EPIA	Liver
GTEX-1BAJH-1526-SM-7RHGI	Liver
GTEX-1C6VQ-1626-SM-79OO1	Liver
GTEX-1CAMQ-1426-SM-7MKFL	Liver
GTEX-1CB4F-1726-SM-7MGXH	Liver
GTEX-1CB4J-0726-SM-7IGN8	Liver
GTEX-1E2YA-1226-SM-7MGY3	Liver
GTEX-1EH9U-1126-SM-7IGLU	Liver
GTEX-1EKGG-1226-SM-7IGNO	Liver
GTEX-1EN7A-2026-SM-7MGY4	Liver
GTEX-1EWIQ-0726-SM-7MKFW	Liver
GTEX-1F75A-1626-SM-9JGGT	Liver
GTEX-1GF9V-1226-SM-7MKGY	Liver
GTEX-1GF9W-0826-SM-7MKHI	Liver
GTEX-1GF9X-0426-SM-7MKHN	Liver
GTEX-1GN1U-0926-SM-9WPPY	Liver
GTEX-1GN2E-0926-SM-9WPOH	Liver
GTEX-1GN73-1126-SM-9OSW5	Liver
GTEX-1GZ4I-1526-SM-9OSW9	Liver
GTEX-1H11D-0826-SM-9OSWB	Liver
GTEX-1HB9E-0626-SM-AHZ4K	Liver
GTEX-1HBPH-2626-SM-A96TV	Liver
GTEX-1HBPI-1026-SM-AHZ4N	Liver
GTEX-1HCU7-1726-SM-B2LX9	Liver
GTEX-1HCVE-1526-SM-B2LWW	Liver
GTEX-1HT8W-0826-SM-C1YRJ	Liver
GTEX-1I1GR-1526-SM-CNNQE	Liver
GTEX-1I1HK-1126-SM-AHZ2L	Liver
GTEX-1ICG6-1026-SM-B2LY6	Liver
GTEX-1ICLY-1526-SM-C1YS4	Liver
GTEX-1IKJJ-1526-SM-C1YSC	Liver
GTEX-1IKK5-0326-SM-C1YPY	Liver
GTEX-1J8EW-1626-SM-C1YQ8	Liver
GTEX-1JJ6O-0826-SM-CXZJL	Liver
GTEX-1JJEA-1526-SM-CNNPK	Liver
GTEX-1JMLX-1326-SM-CXZJO	Liver
GTEX-1K9T9-0726-SM-CXZJZ	Liver
GTEX-1KAFJ-0726-SM-CXZKF	Liver
GTEX-1KANB-2226-SM-DHXJW	Liver
GTEX-1KD4Q-1526-SM-D4P3L	Liver
GTEX-1KD5A-1226-SM-CXZK7	Liver
GTEX-1KWVE-0326-SM-EV7AF	Liver
GTEX-1LGRB-0626-SM-CNNQH	Liver
GTEX-1LH75-0926-SM-EAZ5C	Liver
GTEX-1MJIX-0726-SM-DPRYP	Liver
GTEX-1NV8Z-1626-SM-DPRYT	Liver
GTEX-1PBJJ-0626-SM-DPRYO	Liver
GTEX-1PIIG-1326-SM-EXOIR	Liver
GTEX-1QCLZ-1226-SM-EAZ49	Liver
GTEX-1QP66-0226-SM-DPRXS	Liver
GTEX-1QP6S-1326-SM-DPRZ8	Liver
GTEX-1QPFJ-1126-SM-E9U5V	Liver
GTEX-1R9JW-0826-SM-DPRZJ	Liver
GTEX-1RQEC-1126-SM-EAZ5E	Liver
GTEX-1S5VW-1826-SM-EAZ53	Liver
GTEX-1S82Y-1026-SM-EV7BJ	Liver
GTEX-O5YT-0826-SM-3TW8N	Liver
GTEX-O5YV-0726-SM-EV798	Liver
GTEX-OIZF-0826-SM-3MJGO	Liver
GTEX-OOBJ-0826-SM-3NB2K	Liver
GTEX-P44G-1126-SM-3NM9D	Liver
GTEX-P78B-1326-SM-3P611	Liver
GTEX-PX3G-0826-SM-48TZS	Liver
GTEX-Q2AG-1126-SM-48U1P	Liver
GTEX-Q734-0326-SM-48U15	Liver
GTEX-QDVN-0826-SM-48TZ2	Liver
GTEX-QEG4-1826-SM-CKZN9	Liver
GTEX-QEL4-1226-SM-447A4	Liver
GTEX-QESD-2026-SM-447BI	Liver
GTEX-QV44-0326-SM-C1YQX	Liver
GTEX-R53T-0326-SM-48FEC	Liver
GTEX-REY6-1226-SM-48FDR	Liver
GTEX-RM2N-1926-SM-48FCU	Liver
GTEX-RN64-1826-SM-48FDV	Liver
GTEX-RNOR-1426-SM-48FDJ	Liver
GTEX-RTLS-1326-SM-46MUN	Liver
GTEX-RU72-1426-SM-46MUF	Liver
GTEX-RWSA-1426-SM-47JXA	Liver
GTEX-S32W-1926-SM-4AD63	Liver
GTEX-S33H-1626-SM-4AD68	Liver
GTEX-S4Z8-0526-SM-4AD4T	Liver
GTEX-SJXC-1226-SM-4DM78	Liver
GTEX-T6MN-1226-SM-3NMA5	Liver
GTEX-TKQ2-1726-SM-4DXUP	Liver
GTEX-U3ZN-0226-SM-3DB8D	Liver
GTEX-U8XE-1526-SM-4E3HT	Liver
GTEX-UPK5-1426-SM-4JBHH	Liver
GTEX-UTHO-2426-SM-4JBHD	Liver
GTEX-VUSG-0126-SM-4KL1X	Liver
GTEX-WFON-1726-SM-4LVMQ	Liver
GTEX-WK11-1326-SM-4OOSI	Liver
GTEX-WQUQ-1926-SM-4OOSA	Liver
GTEX-WVLH-2126-SM-EYYWD	Liver
GTEX-WY7C-0726-SM-4ONCB	Liver
GTEX-WYVS-1926-SM-4PQZ2	Liver
GTEX-WZTO-0626-SM-4PQYY	Liver
GTEX-X261-1726-SM-4PQYT	Liver
GTEX-X3Y1-2726-SM-4PQZH	Liver
GTEX-X4EO-1126-SM-4QARQ	Liver
GTEX-X4EP-1026-SM-4QAS5	Liver
GTEX-X4XY-1626-SM-46MVN	Liver
GTEX-XBEC-1526-SM-4AT68	Liver
GTEX-XXEK-1126-SM-4BRUX	Liver
GTEX-Y111-0726-SM-EYYVM	Liver
GTEX-Y5LM-0426-SM-4VBRO	Liver
GTEX-Y5V5-0926-SM-4VBPZ	Liver
GTEX-YB5E-0326-SM-5IFHU	Liver
GTEX-YEC4-0826-SM-5P9FV	Liver
GTEX-YECK-1926-SM-4W21H	Liver
GTEX-YFC4-1526-SM-5IFJS	Liver
GTEX-Z9EW-0426-SM-5CVM9	Liver
GTEX-ZAB4-0826-SM-5LU9D	Liver
GTEX-ZAB5-0426-SM-5CVMI	Liver
GTEX-ZEX8-0826-SM-4WKHK	Liver
GTEX-ZF29-2026-SM-DNZYW	Liver
GTEX-ZF2S-3026-SM-4WWCH	Liver
GTEX-ZPU1-0826-SM-57WG2	Liver
GTEX-ZTPG-1426-SM-51MT3	Liver
GTEX-ZVP2-0626-SM-51MSO	Liver
GTEX-ZVT3-1626-SM-5GU66	Liver
GTEX-ZVT4-0626-SM-5E45T	Liver
GTEX-ZYT6-0626-SM-5E45V	Liver
GTEX-ZYY3-0626-SM-5NQ6W	Liver
GTEX-ZZPU-0426-SM-5GZYH	Liver
GTEX-111YS-0526-SM-5GZXJ	Artery_Aorta
GTEX-1122O-1126-SM-5NQ8X	Artery_Aorta
GTEX-1128S-0326-SM-5GZZF	Artery_Aorta
GTEX-117XS-0426-SM-5GZZN	Artery_Aorta
GTEX-117YW-0226-SM-5N9CM	Artery_Aorta
GTEX-11DXX-0426-SM-5EQ5F	Artery_Aorta
GTEX-11DXZ-0426-SM-5987Y	Artery_Aorta
GTEX-11DYG-1226-SM-5N9DC	Artery_Aorta
GTEX-11EM3-0226-SM-5985Y	Artery_Aorta
GTEX-11EMC-0926-SM-59863	Artery_Aorta
GTEX-11GS4-0326-SM-5N9F7	Artery_Aorta
GTEX-11GSP-1126-SM-5A5LM	Artery_Aorta
GTEX-11I78-0726-SM-5A5M1	Artery_Aorta
GTEX-11LCK-0726-SM-5PNYC	Artery_Aorta
GTEX-11NUK-0726-SM-5A5ME	Artery_Aorta
GTEX-11ONC-0926-SM-5BC5E	Artery_Aorta
GTEX-11P81-0326-SM-5HL6B	Artery_Aorta
GTEX-11P82-0126-SM-5HL72	Artery_Aorta
GTEX-11TT1-1226-SM-5Q5AV	Artery_Aorta
GTEX-11TUW-0926-SM-5EQMW	Artery_Aorta
GTEX-11UD2-0826-SM-5EQKS	Artery_Aorta
GTEX-11WQK-0326-SM-5EQL1	Artery_Aorta
GTEX-11ZTS-0826-SM-5EQ49	Artery_Aorta
GTEX-11ZVC-0326-SM-5CVLC	Artery_Aorta
GTEX-1211K-0326-SM-5FQT1	Artery_Aorta
GTEX-1212Z-0826-SM-5EQ51	Artery_Aorta
GTEX-12696-0426-SM-5EGL5	Artery_Aorta
GTEX-12C56-0226-SM-5N9FB	Artery_Aorta
GTEX-12KS4-0626-SM-5PNY4	Artery_Aorta
GTEX-12WSD-1326-SM-5GCNU	Artery_Aorta
GTEX-12WSK-0426-SM-5GCNS	Artery_Aorta
GTEX-12WSN-0326-SM-5GCP6	Artery_Aorta
GTEX-12ZZX-1026-SM-5LZUW	Artery_Aorta
GTEX-12ZZY-1326-SM-5GCNW	Artery_Aorta
GTEX-13111-0526-SM-5LZVF	Artery_Aorta
GTEX-13113-0526-SM-5GCN2	Artery_Aorta
GTEX-1313W-1026-SM-5EQ5I	Artery_Aorta
GTEX-131XF-0626-SM-5GIDS	Artery_Aorta
GTEX-131XW-2226-SM-5PNY1	Artery_Aorta
GTEX-131YS-1126-SM-5N9FQ	Artery_Aorta
GTEX-132AR-2126-SM-5K7XG	Artery_Aorta
GTEX-132QS-0626-SM-62LFM	Artery_Aorta
GTEX-1339X-0526-SM-5KLYW	Artery_Aorta
GTEX-133LE-0226-SM-5PNY3	Artery_Aorta
GTEX-1399R-0626-SM-5K7UZ	Artery_Aorta
GTEX-1399T-0526-SM-5J1NC	Artery_Aorta
GTEX-1399U-0426-SM-5K7UU	Artery_Aorta
GTEX-139D8-1226-SM-5L3ED	Artery_Aorta
GTEX-139TS-0226-SM-5K7W5	Artery_Aorta
GTEX-139TU-1126-SM-5J1NY	Artery_Aorta
GTEX-139UW-0426-SM-5K7V4	Artery_Aorta
GTEX-139YR-0626-SM-5IJBT	Artery_Aorta
GTEX-13CF3-0526-SM-5IJBV	Artery_Aorta
GTEX-13D11-1426-SM-5K7Y9	Artery_Aorta
GTEX-13FH7-0326-SM-5J1MR	Artery_Aorta
GTEX-13FHO-1626-SM-5IJGB	Artery_Aorta
GTEX-13FLV-1426-SM-5J1N4	Artery_Aorta
GTEX-13FTW-0726-SM-9WG72	Artery_Aorta
GTEX-13FTX-0226-SM-5K7TX	Artery_Aorta
GTEX-13FTZ-0126-SM-5K7V3	Artery_Aorta
GTEX-13N2G-0526-SM-5MR5L	Artery_Aorta
GTEX-13NYB-0426-SM-5IJDD	Artery_Aorta
GTEX-13NZ9-1226-SM-5MR3J	Artery_Aorta
GTEX-13O1R-1026-SM-5KM2L	Artery_Aorta
GTEX-13O21-0426-SM-5K7VR	Artery_Aorta
GTEX-13O3O-1126-SM-5KM4Q	Artery_Aorta
GTEX-13O3P-1126-SM-5L3FG	Artery_Aorta
GTEX-13O61-0326-SM-5KM2O	Artery_Aorta
GTEX-13OVG-0826-SM-5L3D8	Artery_Aorta
GTEX-13OVI-0626-SM-5IJCN	Artery_Aorta
GTEX-13OW5-0826-SM-5J1NE	Artery_Aorta
GTEX-13OW6-1526-SM-5L3HX	Artery_Aorta
GTEX-13OW8-1826-SM-5L3H1	Artery_Aorta
GTEX-13PVQ-1426-SM-5J1O4	Artery_Aorta
GTEX-13PVR-0826-SM-5S2PV	Artery_Aorta
GTEX-13QBU-0326-SM-5LU3F	Artery_Aorta
GTEX-13RTK-0126-SM-5RQHQ	Artery_Aorta
GTEX-13U4I-1026-SM-5LU3G	Artery_Aorta
GTEX-13VXT-0826-SM-5SIAP	Artery_Aorta
GTEX-13W3W-0226-SM-731ET	Artery_Aorta
GTEX-13W46-1826-SM-5K7VA	Artery_Aorta
GTEX-13X6H-0126-SM-5QGOS	Artery_Aorta
GTEX-13X6I-0926-SM-5LUAB	Artery_Aorta
GTEX-13X6K-1926-SM-5LU4O	Artery_Aorta
GTEX-13YAN-1526-SM-5LU3E	Artery_Aorta
GTEX-144GN-0326-SM-5O9AD	Artery_Aorta
GTEX-145MH-1026-SM-5Q5CI	Artery_Aorta
GTEX-145MO-1226-SM-5QGPC	Artery_Aorta
GTEX-146FH-1326-SM-5NQBI	Artery_Aorta
GTEX-146FQ-0826-SM-5LUAJ	Artery_Aorta
GTEX-146FR-1026-SM-5NQ9T	Artery_Aorta
GTEX-147F4-1026-SM-5Q5F9	Artery_Aorta
GTEX-1497J-1026-SM-5NQAV	Artery_Aorta
GTEX-14A5I-1326-SM-5SIAQ	Artery_Aorta
GTEX-14AS3-0526-SM-5QGQQ	Artery_Aorta
GTEX-14ASI-1126-SM-5QGPN	Artery_Aorta
GTEX-14B4R-0226-SM-5TDDO	Artery_Aorta
GTEX-14BIM-2626-SM-5S2OF	Artery_Aorta
GTEX-14BMU-0326-SM-793DO	Artery_Aorta
GTEX-14BMV-1226-SM-5TDDY	Artery_Aorta
GTEX-14C39-0126-SM-6128R	Artery_Aorta
GTEX-14C5O-1526-SM-7DHKT	Artery_Aorta
GTEX-14DAQ-1326-SM-5RQIM	Artery_Aorta
GTEX-14E1K-0726-SM-62LDU	Artery_Aorta
GTEX-14E6C-0626-SM-664NA	Artery_Aorta
GTEX-14E7W-1426-SM-6LLJ2	Artery_Aorta
GTEX-14ICL-0326-SM-5S2OS	Artery_Aorta
GTEX-14PJ2-1226-SM-62LFE	Artery_Aorta
GTEX-14PJ3-0226-SM-6EU37	Artery_Aorta
GTEX-14PJ4-0826-SM-6LLH5	Artery_Aorta
GTEX-14PJ6-0526-SM-6LLIU	Artery_Aorta
GTEX-14PJM-1426-SM-62LF3	Artery_Aorta
GTEX-14PK6-0626-SM-6AJ9P	Artery_Aorta
GTEX-15CHC-0626-SM-686YV	Artery_Aorta
GTEX-15CHR-0126-SM-7SB7X	Artery_Aorta
GTEX-15DDE-1326-SM-6LLJM	Artery_Aorta
GTEX-15DYW-1226-SM-6PALV	Artery_Aorta
GTEX-15DZA-1226-SM-7KFS1	Artery_Aorta
GTEX-15ER7-2026-SM-793B8	Artery_Aorta
GTEX-15ETS-0726-SM-6LPKL	Artery_Aorta
GTEX-15F5U-0226-SM-6PANK	Artery_Aorta
GTEX-15FZZ-0426-SM-6PANM	Artery_Aorta
GTEX-15G19-1026-SM-6PALM	Artery_Aorta
GTEX-15RIF-0126-SM-7KUG3	Artery_Aorta
GTEX-15RJE-2426-SM-6PAM9	Artery_Aorta
GTEX-15SHU-1226-SM-718BY	Artery_Aorta
GTEX-15SHV-0826-SM-7KUFA	Artery_Aorta
GTEX-15UF6-0226-SM-7KUF6	Artery_Aorta
GTEX-16XZZ-1426-SM-7KUE3	Artery_Aorta
GTEX-17EVP-0926-SM-7IGOY	Artery_Aorta
GTEX-17EVQ-1626-SM-79ONH	Artery_Aorta
GTEX-17F96-1126-SM-7EWDF	Artery_Aorta
GTEX-17F98-0726-SM-793BJ	Artery_Aorta
GTEX-17GQL-2326-SM-731EJ	Artery_Aorta
GTEX-17HII-1826-SM-7DUFQ	Artery_Aorta
GTEX-17KNJ-0526-SM-7PC3Y	Artery_Aorta
GTEX-17MF6-1026-SM-7EWE1	Artery_Aorta
GTEX-18465-1026-SM-7PC23	Artery_Aorta
GTEX-18A66-1326-SM-7LG4M	Artery_Aorta
GTEX-18A67-0926-SM-7LG5Y	Artery_Aorta
GTEX-18A6Q-1426-SM-7LG63	Artery_Aorta
GTEX-18A7A-1426-SM-731AP	Artery_Aorta
GTEX-18D9U-1326-SM-731BI	Artery_Aorta
GTEX-1A3MV-0426-SM-73KXL	Artery_Aorta
GTEX-1AMEY-0726-SM-72D5X	Artery_Aorta
GTEX-1AMFI-0426-SM-731C7	Artery_Aorta
GTEX-1AX8Z-1226-SM-7DHM7	Artery_Aorta
GTEX-1AX9I-1226-SM-731CJ	Artery_Aorta
GTEX-1AX9J-0726-SM-7PC2E	Artery_Aorta
GTEX-1AX9K-0726-SM-73KYR	Artery_Aorta
GTEX-1AYCT-0326-SM-73KVN	Artery_Aorta
GTEX-1AYD5-0726-SM-7SB6Y	Artery_Aorta
GTEX-1B8KE-0226-SM-7EWEK	Artery_Aorta
GTEX-1B8L1-0226-SM-7PBYE	Artery_Aorta
GTEX-1B8SG-0626-SM-79OL3	Artery_Aorta
GTEX-1B933-1126-SM-73KX2	Artery_Aorta
GTEX-1B97J-0526-SM-793C2	Artery_Aorta
GTEX-1BAJH-1126-SM-7PBYG	Artery_Aorta
GTEX-1C2JI-0426-SM-79OOF	Artery_Aorta
GTEX-1C4CL-1226-SM-7DUFT	Artery_Aorta
GTEX-1C64O-1026-SM-7PC3L	Artery_Aorta
GTEX-1C6VQ-1326-SM-7939X	Artery_Aorta
GTEX-1CAMS-1026-SM-7PC2I	Artery_Aorta
GTEX-1CB4E-0426-SM-7PBY5	Artery_Aorta
GTEX-1CB4G-1126-SM-7PBXW	Artery_Aorta
GTEX-1CB4I-1826-SM-793CX	Artery_Aorta
GTEX-1CB4J-0126-SM-7PC3K	Artery_Aorta
GTEX-1E1VI-1226-SM-7RHGD	Artery_Aorta
GTEX-1EKGG-0826-SM-79OLL	Artery_Aorta
GTEX-1EMGI-0926-SM-7IGPV	Artery_Aorta
GTEX-1EN7A-1126-SM-7IGQ1	Artery_Aorta
GTEX-1EU9M-1726-SM-7EWF3	Artery_Aorta
GTEX-1EWIQ-1026-SM-7P8S1	Artery_Aorta
GTEX-1EX96-2726-SM-7SB88	Artery_Aorta
GTEX-1F48J-1326-SM-7RHGJ	Artery_Aorta
GTEX-1F5PK-0626-SM-7SB6S	Artery_Aorta
GTEX-1F75I-1226-SM-9YFM4	Artery_Aorta
GTEX-1F7RK-1326-SM-7PC39	Artery_Aorta
GTEX-1F88F-0226-SM-9WYT1	Artery_Aorta
GTEX-1GF9U-0326-SM-7SB91	Artery_Aorta
GTEX-1GF9V-1526-SM-7PC3E	Artery_Aorta
GTEX-1GF9W-1926-SM-9KNUM	Artery_Aorta
GTEX-1GL5R-0126-SM-9WYTI	Artery_Aorta
GTEX-1GMR2-1126-SM-7RHI6	Artery_Aorta
GTEX-1GMR3-0526-SM-9YFLI	Artery_Aorta
GTEX-1GN1U-1626-SM-9MQKP	Artery_Aorta
GTEX-1GN2E-1126-SM-9MQK9	Artery_Aorta
GTEX-1GN73-2226-SM-9YFLF	Artery_Aorta
GTEX-1GZ4H-0726-SM-9WG6X	Artery_Aorta
GTEX-1GZ4I-1126-SM-9QEHR	Artery_Aorta
GTEX-1GZHY-1626-SM-9WG79	Artery_Aorta
GTEX-1H1E6-1526-SM-9QEHP	Artery_Aorta
GTEX-1H1ZS-1226-SM-9WYTV	Artery_Aorta
GTEX-1H3NZ-1226-SM-9MQKT	Artery_Aorta
GTEX-1H3VY-1026-SM-ACKXF	Artery_Aorta
GTEX-1HB9E-0926-SM-COH3D	Artery_Aorta
GTEX-1HBPH-1026-SM-ADEIU	Artery_Aorta
GTEX-1HBPI-0126-SM-CMKGQ	Artery_Aorta
GTEX-1HBPM-1326-SM-9YFMB	Artery_Aorta
GTEX-1HBPN-1026-SM-9YFLZ	Artery_Aorta
GTEX-1HC8U-1126-SM-COH35	Artery_Aorta
GTEX-1HCU8-0926-SM-CM2S9	Artery_Aorta
GTEX-1HCU9-0526-SM-CGQFP	Artery_Aorta
GTEX-1HCUA-0326-SM-CGQEH	Artery_Aorta
GTEX-1HCVE-1026-SM-ACKXR	Artery_Aorta
GTEX-1HFI7-0426-SM-9YFLP	Artery_Aorta
GTEX-1HSGN-1026-SM-CNPQ1	Artery_Aorta
GTEX-1HSKV-0626-SM-CNPPL	Artery_Aorta
GTEX-1HSMP-0826-SM-A9SKW	Artery_Aorta
GTEX-1HSMQ-0326-SM-D4P2J	Artery_Aorta
GTEX-1HT8W-1826-SM-ADEJD	Artery_Aorta
GTEX-1HUB1-0626-SM-CYPR9	Artery_Aorta
GTEX-1I1CD-1226-SM-CNPQ2	Artery_Aorta
GTEX-1I1GP-0926-SM-COH3O	Artery_Aorta
GTEX-1I1GQ-1526-SM-ACKVQ	Artery_Aorta
GTEX-1I1GS-1226-SM-EXOHJ	Artery_Aorta
GTEX-1I1GU-0426-SM-ARL7Y	Artery_Aorta
GTEX-1I1HK-0926-SM-B2LVY	Artery_Aorta
GTEX-1I4MK-0626-SM-ARZLZ	Artery_Aorta
GTEX-1I6K7-0826-SM-ACKWI	Artery_Aorta
GTEX-1ICLY-1126-SM-D4P37	Artery_Aorta
GTEX-1IDJC-0426-SM-B2LW1	Artery_Aorta
GTEX-1IDJE-1026-SM-ADEIE	Artery_Aorta
GTEX-1IDJF-0926-SM-ARL85	Artery_Aorta
GTEX-1IDJU-0526-SM-ACKWM	Artery_Aorta
GTEX-1IKOE-0726-SM-CE6T4	Artery_Aorta
GTEX-1IL2U-1026-SM-COH3P	Artery_Aorta
GTEX-1J1OQ-2026-SM-CMKHZ	Artery_Aorta
GTEX-1J1R8-0826-SM-ACKWP	Artery_Aorta
GTEX-1J8JJ-0926-SM-ARZMR	Artery_Aorta
GTEX-1J8Q3-1026-SM-CGQED	Artery_Aorta
GTEX-1J8QM-0126-SM-D3L9A	Artery_Aorta
GTEX-1JJ6O-1826-SM-CL53J	Artery_Aorta
GTEX-1JJEA-0726-SM-CYPSN	Artery_Aorta
GTEX-1JK1U-0426-SM-CYPSP	Artery_Aorta
GTEX-1JKYN-0226-SM-ARL9H	Artery_Aorta
GTEX-1JMOU-0126-SM-E9U53	Artery_Aorta
GTEX-1JMQI-0226-SM-ARZN3	Artery_Aorta
GTEX-1JMQJ-2426-SM-E9TIL	Artery_Aorta
GTEX-1K2DA-0926-SM-CGQGE	Artery_Aorta
GTEX-1K2DU-1326-SM-CYPT5	Artery_Aorta
GTEX-1K9T9-1326-SM-E6CJN	Artery_Aorta
GTEX-1KANC-0326-SM-D3LA7	Artery_Aorta
GTEX-1KD5A-0826-SM-DKPQ9	Artery_Aorta
GTEX-1KXAM-1226-SM-E9TJV	Artery_Aorta
GTEX-1L5NE-0326-SM-E6CIC	Artery_Aorta
GTEX-1LB8K-1126-SM-DIPEP	Artery_Aorta
GTEX-1LG7Y-1326-SM-D4P45	Artery_Aorta
GTEX-1LG7Z-0626-SM-D3LA2	Artery_Aorta
GTEX-1LGRB-0726-SM-COH3B	Artery_Aorta
GTEX-1LKK1-1126-SM-DKPQD	Artery_Aorta
GTEX-1LNCM-0326-SM-DIPF5	Artery_Aorta
GTEX-1LVAN-1426-SM-COH3X	Artery_Aorta
GTEX-1LVAO-0826-SM-E6CIU	Artery_Aorta
GTEX-1MCC2-0426-SM-DKPQH	Artery_Aorta
GTEX-1MCYP-0426-SM-E6CIQ	Artery_Aorta
GTEX-1MGNQ-0626-SM-E9J2X	Artery_Aorta
GTEX-1NSGN-1126-SM-EXUR3	Artery_Aorta
GTEX-1PDJ9-0926-SM-E8VOS	Artery_Aorta
GTEX-1PFEY-0526-SM-E76PG	Artery_Aorta
GTEX-1POEN-1026-SM-E8VNF	Artery_Aorta
GTEX-1QAET-0526-SM-EYYXF	Artery_Aorta
GTEX-1QP29-0226-SM-EVYBM	Artery_Aorta
GTEX-1QP2A-0826-SM-DTXF5	Artery_Aorta
GTEX-1QP66-1126-SM-DTXDP	Artery_Aorta
GTEX-1QP9N-0226-SM-E9J4A	Artery_Aorta
GTEX-1QPFJ-0726-SM-DTXDS	Artery_Aorta
GTEX-1QW4Y-0326-SM-E8VOT	Artery_Aorta
GTEX-1R46S-0726-SM-E9J42	Artery_Aorta
GTEX-1R9JW-0726-SM-DTXFH	Artery_Aorta
GTEX-1R9K5-1426-SM-DTX9F	Artery_Aorta
GTEX-1R9PM-0326-SM-EVYBI	Artery_Aorta
GTEX-1R9PN-0226-SM-DTX84	Artery_Aorta
GTEX-1R9PO-0226-SM-E6CHS	Artery_Aorta
GTEX-1RAZA-1126-SM-E8VMV	Artery_Aorta
GTEX-1RAZR-0626-SM-E6CJO	Artery_Aorta
GTEX-1RLM8-0526-SM-E8VOK	Artery_Aorta
GTEX-1RNTQ-0726-SM-E9U6F	Artery_Aorta
GTEX-1RQED-1126-SM-EVYCU	Artery_Aorta
GTEX-1S3DN-0626-SM-E9U51	Artery_Aorta
GTEX-1S5ZA-1126-SM-EVYBU	Artery_Aorta
GTEX-N7MT-1426-SM-3LK5M	Artery_Aorta
GTEX-NFK9-1326-SM-3LK5I	Artery_Aorta
GTEX-NPJ8-0526-SM-3MJHN	Artery_Aorta
GTEX-O5YT-0426-SM-3MJHD	Artery_Aorta
GTEX-O5YV-0626-SM-3LK64	Artery_Aorta
GTEX-O5YW-0426-SM-3MJHJ	Artery_Aorta
GTEX-OHPK-0426-SM-3MJH3	Artery_Aorta
GTEX-OHPL-0426-SM-3TW8X	Artery_Aorta
GTEX-OHPM-0426-SM-3TW8V	Artery_Aorta
GTEX-OIZF-0426-SM-7PBZP	Artery_Aorta
GTEX-OIZG-0426-SM-3LK5W	Artery_Aorta
GTEX-OIZI-1126-SM-3NB1F	Artery_Aorta
GTEX-OOBJ-0426-SM-3NB1S	Artery_Aorta
GTEX-OOBK-0425-SM-3LK5O	Artery_Aorta
GTEX-OXRL-0426-SM-3NM97	Artery_Aorta
GTEX-P44H-1026-SM-3NM96	Artery_Aorta
GTEX-P4PP-0426-SM-3NM9H	Artery_Aorta
GTEX-P4PQ-0426-SM-3NMCI	Artery_Aorta
GTEX-P4QS-0426-SM-3NMCQ	Artery_Aorta
GTEX-P78B-0826-SM-3NMCA	Artery_Aorta
GTEX-PLZ5-0426-SM-3P612	Artery_Aorta
GTEX-PLZ6-0326-SM-3P61J	Artery_Aorta
GTEX-POMQ-0426-SM-3P61G	Artery_Aorta
GTEX-POYW-1126-SM-48TCI	Artery_Aorta
GTEX-PSDG-1026-SM-48TCV	Artery_Aorta
GTEX-PVOW-1426-SM-EZ6LO	Artery_Aorta
GTEX-PW2O-0426-SM-48TCC	Artery_Aorta
GTEX-PWCY-0326-SM-43IRU	Artery_Aorta
GTEX-PX3G-0426-SM-48U1C	Artery_Aorta
GTEX-Q2AG-0926-SM-48U1Q	Artery_Aorta
GTEX-Q2AH-0326-SM-48U1K	Artery_Aorta
GTEX-QCQG-1526-SM-48U25	Artery_Aorta
GTEX-QDT8-1026-SM-43V6X	Artery_Aorta
GTEX-QDVJ-0626-SM-48U1T	Artery_Aorta
GTEX-QDVN-0226-SM-48TZ9	Artery_Aorta
GTEX-QEG4-0926-SM-4R1JO	Artery_Aorta
GTEX-QEG5-1226-SM-447AR	Artery_Aorta
GTEX-QEL4-1126-SM-DLZQ4	Artery_Aorta
GTEX-QESD-0426-SM-DKPOG	Artery_Aorta
GTEX-QLQ7-0426-SM-DHXIN	Artery_Aorta
GTEX-QMRM-0626-SM-447BQ	Artery_Aorta
GTEX-QV31-0326-SM-447BM	Artery_Aorta
GTEX-QV44-0626-SM-4R1KJ	Artery_Aorta
GTEX-QVJO-0526-SM-447CE	Artery_Aorta
GTEX-QVUS-0426-SM-48FE3	Artery_Aorta
GTEX-QXCU-0926-SM-48FEP	Artery_Aorta
GTEX-R53T-0826-SM-48FCP	Artery_Aorta
GTEX-R55C-0426-SM-EVR2W	Artery_Aorta
GTEX-R55D-1026-SM-3GAEQ	Artery_Aorta
GTEX-R55E-1126-SM-48FDZ	Artery_Aorta
GTEX-R55G-0626-SM-48FDB	Artery_Aorta
GTEX-REY6-1126-SM-48FDU	Artery_Aorta
GTEX-RNOR-1026-SM-48FDF	Artery_Aorta
GTEX-RUSQ-0326-SM-47JWS	Artery_Aorta
GTEX-RWS6-0526-SM-4GIAJ	Artery_Aorta
GTEX-RWSA-0926-SM-47JXW	Artery_Aorta
GTEX-S32W-0426-SM-4AD6H	Artery_Aorta
GTEX-S33H-0726-SM-4AD6M	Artery_Aorta
GTEX-S3XE-0326-SM-4AD6L	Artery_Aorta
GTEX-S4P3-0326-SM-4AD6P	Artery_Aorta
GTEX-S4Z8-0626-SM-4AD6J	Artery_Aorta
GTEX-S95S-0226-SM-4B656	Artery_Aorta
GTEX-SNOS-0326-SM-4DM6C	Artery_Aorta
GTEX-T5JC-0326-SM-4DM5C	Artery_Aorta
GTEX-T6MN-1126-SM-4DM71	Artery_Aorta
GTEX-T8EM-0426-SM-4DM7E	Artery_Aorta
GTEX-TMMY-1026-SM-4DXTI	Artery_Aorta
GTEX-U3ZH-0626-SM-4DXT3	Artery_Aorta
GTEX-U3ZM-0326-SM-4DXUJ	Artery_Aorta
GTEX-U3ZN-0526-SM-4DXTH	Artery_Aorta
GTEX-U8XE-1226-SM-4E3HN	Artery_Aorta
GTEX-UJHI-0226-SM-4IHJL	Artery_Aorta
GTEX-UJMC-0626-SM-4IHJQ	Artery_Aorta
GTEX-UPJH-0926-SM-4IHKA	Artery_Aorta
GTEX-UPK5-1526-SM-4JBJA	Artery_Aorta
GTEX-V1D1-0326-SM-4JBIY	Artery_Aorta
GTEX-V955-0926-SM-4JBJ8	Artery_Aorta
GTEX-VJYA-0226-SM-4KL1Q	Artery_Aorta
GTEX-VUSG-0526-SM-4KL22	Artery_Aorta
GTEX-W5WG-0726-SM-EXUQZ	Artery_Aorta
GTEX-WFG7-0926-SM-4LMK7	Artery_Aorta
GTEX-WFG8-0826-SM-4LVN5	Artery_Aorta
GTEX-WFON-0526-SM-4LVLY	Artery_Aorta
GTEX-WH7G-0626-SM-4LVMO	Artery_Aorta
GTEX-WHPG-0926-SM-4M1XY	Artery_Aorta
GTEX-WHSB-0226-SM-4M1XE	Artery_Aorta
GTEX-WHWD-0526-SM-4OORW	Artery_Aorta
GTEX-WQUQ-1526-SM-4OOSM	Artery_Aorta
GTEX-WRHU-1326-SM-4E3K7	Artery_Aorta
GTEX-WY7C-0626-SM-4ONCT	Artery_Aorta
GTEX-WYJK-1226-SM-4ONCP	Artery_Aorta
GTEX-WYVS-0426-SM-4ONDL	Artery_Aorta
GTEX-WZTO-1626-SM-4PQYR	Artery_Aorta
GTEX-X3Y1-0326-SM-4PQZ7	Artery_Aorta
GTEX-X4EO-1026-SM-4QARP	Artery_Aorta
GTEX-X4EP-1426-SM-4PQZP	Artery_Aorta
GTEX-X4XY-1526-SM-4QASE	Artery_Aorta
GTEX-XBED-0726-SM-4GIAR	Artery_Aorta
GTEX-XBEW-0526-SM-4QASO	Artery_Aorta
GTEX-XPT6-0326-SM-4B66V	Artery_Aorta
GTEX-XPVG-0226-SM-EVYAQ	Artery_Aorta
GTEX-XQ3S-0126-SM-4BOO9	Artery_Aorta
GTEX-XQ8I-1326-SM-4BOPV	Artery_Aorta
GTEX-XUW1-1126-SM-4BONZ	Artery_Aorta
GTEX-XUZC-0626-SM-4BOPG	Artery_Aorta
GTEX-XV7Q-0526-SM-4BRWR	Artery_Aorta
GTEX-XXEK-0726-SM-4BRWF	Artery_Aorta
GTEX-XYKS-0426-SM-4BRW4	Artery_Aorta
GTEX-Y114-0426-SM-4TT6V	Artery_Aorta
GTEX-Y3I4-0326-SM-4TT28	Artery_Aorta
GTEX-Y3IK-0726-SM-4WWE5	Artery_Aorta
GTEX-Y5LM-0226-SM-4VBRM	Artery_Aorta
GTEX-Y5V5-0426-SM-4VBPU	Artery_Aorta
GTEX-Y5V6-0426-SM-4VBRZ	Artery_Aorta
GTEX-Y8E4-1126-SM-5IFIA	Artery_Aorta
GTEX-Y8LW-0426-SM-4VBQ6	Artery_Aorta
GTEX-Y9LG-0226-SM-4VBS4	Artery_Aorta
GTEX-YB5K-0326-SM-5IFJQ	Artery_Aorta
GTEX-YEC3-0526-SM-D4P1X	Artery_Aorta
GTEX-YEC4-0726-SM-5CVLV	Artery_Aorta
GTEX-YECK-1326-SM-4W1ZF	Artery_Aorta
GTEX-YFC4-0326-SM-4TT3U	Artery_Aorta
GTEX-YJ8O-0226-SM-5S2NL	Artery_Aorta
GTEX-Z9EW-0126-SM-5CVM6	Artery_Aorta
GTEX-ZA64-0126-SM-5HL8Z	Artery_Aorta
GTEX-ZAB4-0526-SM-5HL7Z	Artery_Aorta
GTEX-ZAJG-1226-SM-5S2MH	Artery_Aorta
GTEX-ZAK1-1226-SM-5Q5AA	Artery_Aorta
GTEX-ZC5H-1026-SM-5CVN1	Artery_Aorta
GTEX-ZDTS-1426-SM-5K7WC	Artery_Aorta
GTEX-ZDTT-0226-SM-4WKHM	Artery_Aorta
GTEX-ZDXO-2726-SM-4WKFA	Artery_Aorta
GTEX-ZDYS-0526-SM-5L3EE	Artery_Aorta
GTEX-ZE9C-0726-SM-4WKGA	Artery_Aorta
GTEX-ZF28-1026-SM-4WKGV	Artery_Aorta
GTEX-ZF29-0326-SM-4WKFB	Artery_Aorta
GTEX-ZF2S-0926-SM-4WWBJ	Artery_Aorta
GTEX-ZF3C-1426-SM-4WWCD	Artery_Aorta
GTEX-ZG7Y-0126-SM-4WWEX	Artery_Aorta
GTEX-ZP4G-0526-SM-4YCED	Artery_Aorta
GTEX-ZPIC-1026-SM-59HKZ	Artery_Aorta
GTEX-ZQUD-0226-SM-4YCEB	Artery_Aorta
GTEX-ZTPG-0726-SM-5DUXP	Artery_Aorta
GTEX-ZVT2-0726-SM-5GIER	Artery_Aorta
GTEX-ZVZP-0126-SM-5NQ6Q	Artery_Aorta
GTEX-ZYFD-2126-SM-5E43D	Artery_Aorta
GTEX-ZYFG-0326-SM-5E45Z	Artery_Aorta
GTEX-ZYT6-1026-SM-DKPOV	Artery_Aorta
GTEX-ZYW4-1226-SM-5E45B	Artery_Aorta
GTEX-ZYY3-1226-SM-5EQKM	Artery_Aorta
GTEX-ZZPU-0226-SM-5N9BV	Artery_Aorta
